State,Code,Type,EducationAuthority,MainBoard,BoardURL,PSC,PoliceAuthority,TeacherAuthority,EntranceAuthorities,RegistrationPortal,ResultPortal,SourceStatus,VerificationStatus
"Andhra Pradesh","AP","STATE","Department of School Education, Andhra Pradesh","bseap-board","https://schooledu.ap.gov.in","N/A","N/A","N/A","N/A","https://bse.ap.gov.in","https://results.bse.ap.gov.in","SOURCE_VERIFIED","VERIFIED"
"Arunachal Pradesh","AR","STATE","Department of Education, Government of Arunachal Pradesh","cbse-board","https://education.arunachal.gov.in","N/A","N/A","N/A","N/A","https://cbse.gov.in","https://results.cbse.nic.in","SOURCE_VERIFIED","VERIFIED"
"Assam","AS","STATE","Department of School Education, Assam","seba-ahsec-assam","https://education.assam.gov.in","N/A","N/A","N/A","N/A","https://sebaonline.org","https://resultsassam.nic.in","SOURCE_VERIFIED","VERIFIED"
"Bihar","BR","STATE","Department of Education, Government of Bihar","bseb-bihar","https://state.bihar.gov.in/educationbihar","N/A","N/A","N/A","N/A","https://biharboardonline.bihar.gov.in","https://results.biharboardonline.com","SOURCE_VERIFIED","VERIFIED"
"Chhattisgarh","CG","STATE","School Education Department, Chhattisgarh","cgbse-chhattisgarh","https://eduportal.cg.nic.in","N/A","N/A","N/A","N/A","https://cgbse.nic.in","https://results.cg.nic.in","SOURCE_VERIFIED","VERIFIED"
"Goa","GA","STATE","Directorate of Education, Government of Goa","gbshse-board","https://education.goa.gov.in","N/A","N/A","N/A","N/A","https://gbshse.in","https://results.gbshsegoa.net","SOURCE_VERIFIED","VERIFIED"
"Gujarat","GJ","STATE","Education Department, Government of Gujarat","gseb-gujarat","https://gujarat.gov.in","N/A","N/A","N/A","N/A","https://www.gseb.org","https://www.gseb.org","SOURCE_VERIFIED","VERIFIED"
"Haryana","HR","STATE","School Education Department, Haryana","bseh-haryana","https://schooleducationharyana.gov.in","N/A","N/A","N/A","N/A","https://bseh.org.in","https://results.bseh.org.in","SOURCE_VERIFIED","VERIFIED"
"Himachal Pradesh","HP","STATE","Department of Higher Education, Himachal Pradesh","hpbose-board","https://education.hp.gov.in","N/A","N/A","N/A","N/A","https://hpbose.org","https://hpbose.org/Result.aspx","SOURCE_VERIFIED","VERIFIED"
"Jharkhand","JH","STATE","Department of School Education & Literacy, Jharkhand","jac-jharkhand","https://jharkhand.gov.in","N/A","N/A","N/A","N/A","https://jac.jharkhand.gov.in","https://jacresults.com","SOURCE_VERIFIED","VERIFIED"
"Karnataka","KA","STATE","Department of School Education and Literacy, Karnataka","kseab-karnataka","https://schooleducation.karnataka.gov.in","N/A","N/A","N/A","N/A","https://kseab.karnataka.gov.in","https://karresults.nic.in","SOURCE_VERIFIED","VERIFIED"
"Kerala","KL","STATE","General Education Department, Kerala","kerala-board","https://education.kerala.gov.in","N/A","N/A","N/A","N/A","https://pareekshabhavan.kerala.gov.in","https://keralaresults.nic.in","SOURCE_VERIFIED","VERIFIED"
"Madhya Pradesh","MP","STATE","School Education Department, Madhya Pradesh","mpbse-board","https://sedn.mp.gov.in","N/A","N/A","N/A","N/A","https://mpbse.nic.in","https://mpresults.nic.in","SOURCE_VERIFIED","VERIFIED"
"Maharashtra","MH","STATE","School Education and Sports Department, Maharashtra","maharashtra-board","https://education.maharashtra.gov.in","N/A","N/A","N/A","N/A","https://mahahsscboard.in","https://mahresult.nic.in","SOURCE_VERIFIED","VERIFIED"
"Manipur","MN","STATE","Department of Education (Schools), Manipur","bsem-board","https://manipureducation.gov.in","N/A","N/A","N/A","N/A","https://bsem.nic.in","https://manresults.nic.in","SOURCE_VERIFIED","VERIFIED"
"Meghalaya","ML","STATE","Education Department, Government of Meghalaya","mbose-board","https://megeducation.gov.in","N/A","N/A","N/A","N/A","https://www.mbose.in","https://megresults.nic.in","SOURCE_VERIFIED","VERIFIED"
"Mizoram","MZ","STATE","School Education Department, Mizoram","mbse-board","https://schooleducation.mizoram.gov.in","N/A","N/A","N/A","N/A","https://www.mbse.edu.in","https://results.mbse.edu.in","SOURCE_VERIFIED","VERIFIED"
"Nagaland","NL","STATE","Department of School Education, Nagaland","nbse-board","https://education.nagaland.gov.in","N/A","N/A","N/A","N/A","https://nbsenl.edu.in","https://results.nbsenl.edu.in","SOURCE_VERIFIED","VERIFIED"
"Odisha","OD","STATE","School & Mass Education Department, Odisha","chse-bse-odisha","https://sme.odisha.gov.in","N/A","N/A","N/A","N/A","https://bseodisha.ac.in","https://orissaresults.nic.in","SOURCE_VERIFIED","VERIFIED"
"Punjab","PB","STATE","Department of School Education, Punjab","pseb-punjab","https://ssapunjab.org","N/A","N/A","N/A","N/A","https://www.pseb.ac.in","https://results.pseb.ac.in","SOURCE_VERIFIED","VERIFIED"
"Rajasthan","RJ","STATE","Department of Education, Rajasthan","rbse-rajasthan","https://education.rajasthan.gov.in","N/A","N/A","N/A","N/A","https://rajeduboard.rajasthan.gov.in","https://rajresults.nic.in","SOURCE_VERIFIED","VERIFIED"
"Sikkim","SK","STATE","Education Department, Government of Sikkim","cbse-board","https://sikkimhrdd.org","N/A","N/A","N/A","N/A","https://cbse.gov.in","https://results.cbse.nic.in","SOURCE_VERIFIED","VERIFIED"
"Tamil Nadu","TN","STATE","School Education Department, Tamil Nadu","tndge-tamilnadu","https://tnschools.gov.in","N/A","N/A","N/A","N/A","https://dge.tn.gov.in","https://tnresults.nic.in","SOURCE_VERIFIED","VERIFIED"
"Telangana","TG","STATE","School Education Department, Telangana","bsetg-board","https://schooledu.telangana.gov.in","N/A","N/A","N/A","N/A","https://bse.telangana.gov.in","https://results.cgg.gov.in","SOURCE_VERIFIED","VERIFIED"
"Tripura","TR","STATE","Education (School) Department, Tripura","tbse-board","https://schooleducation.tripura.gov.in","N/A","N/A","N/A","N/A","https://tbse.tripura.gov.in","https://tripuraresults.nic.in","SOURCE_VERIFIED","VERIFIED"
"Uttar Pradesh","UP","STATE","Department of Basic & Secondary Education, Uttar Pradesh","upmsp-board","https://upmsp.edu.in","N/A","N/A","N/A","N/A","https://upmsp.edu.in","https://upresults.nic.in","SOURCE_VERIFIED","VERIFIED"
"Uttarakhand","UK","STATE","School Education Department, Uttarakhand","ubse-uttarakhand","https://schooleducation.uk.gov.in","N/A","N/A","N/A","N/A","https://ubse.uk.gov.in","https://uaresults.nic.in","SOURCE_VERIFIED","VERIFIED"
"West Bengal","WB","STATE","School Education Department, West Bengal","wbbse-wb","https://wbsed.gov.in","N/A","N/A","N/A","N/A","https://wbbse.wb.gov.in","https://wbresults.nic.in","SOURCE_VERIFIED","VERIFIED"
"Andaman and Nicobar Islands","AN","UT","Directorate of Education, Andaman & Nicobar Administration","cbse-board","https://education.andaman.gov.in","N/A","N/A","N/A","N/A","https://cbse.gov.in","https://results.cbse.nic.in","SOURCE_VERIFIED","VERIFIED"
"Chandigarh","CH","UT","Education Department, Chandigarh Administration","cbse-board","https://chdeducation.gov.in","N/A","N/A","N/A","N/A","https://cbse.gov.in","https://results.cbse.nic.in","SOURCE_VERIFIED","VERIFIED"
"Dadra & Nagar Haveli and Daman & Diu","DH","UT","Department of Education, UT Administration of DNH & DD","gseb-gujarat","https://daman.nic.in","N/A","N/A","N/A","N/A","https://www.gseb.org","https://www.gseb.org","SOURCE_VERIFIED","VERIFIED"
"Delhi (NCT)","DL","UT","Directorate of Education, GNCTD","cbse-board","https://edudel.nic.in","N/A","N/A","N/A","N/A","https://cbse.gov.in","https://results.cbse.nic.in","SOURCE_VERIFIED","VERIFIED"
"Jammu and Kashmir","JK","UT","School Education Department, Jammu and Kashmir","jkbose-board","https://jkeducation.gov.in","N/A","N/A","N/A","N/A","https://jkbose.nic.in","https://jkbose.nic.in/results","SOURCE_VERIFIED","VERIFIED"
"Ladakh","LA","UT","School Education Department, UT of Ladakh","jkbose-board","https://ladakh.gov.in","N/A","N/A","N/A","N/A","https://jkbose.nic.in","https://jkbose.nic.in/results","SOURCE_VERIFIED","VERIFIED"
"Lakshadweep","LD","UT","Department of Education, UT of Lakshadweep","kerala-board","https://lakshadweep.gov.in","N/A","N/A","N/A","N/A","https://pareekshabhavan.kerala.gov.in","https://keralaresults.nic.in","SOURCE_VERIFIED","VERIFIED"
"Puducherry","PY","UT","Directorate of School Education, Puducherry","tndge-tamilnadu","https://schooledn.py.gov.in","N/A","N/A","N/A","N/A","https://dge.tn.gov.in","https://tnresults.nic.in","SOURCE_VERIFIED","VERIFIED"