language_code,language_name,script_name,constitutional_status,ui_enabled,master_key_count,native_translated_count,fallback_count,missing_count,translation_percentage,fallback_strategy,status,last_verified_at
"en","English","Latin","ASSOCIATE_OFFICIAL_UNION",true,406,406,0,0,"100.00%","PRIMARY_SOURCE","VERIFIED","2026-09-27 17:45:00"
"hi","Hindi","Devanagari","EIGHTH_SCHEDULE_OFFICIAL",true,406,405,1,0,"99.75%","ENGLISH_FALLBACK_KEY_LEVEL","VERIFIED","2026-09-27 17:45:00"
"ta","Tamil","Tamil","EIGHTH_SCHEDULE_CLASSICAL",true,406,406,0,0,"100.00%","NATIVE_COMPLETE","VERIFIED","2026-09-27 17:45:00"
"te","Telugu","Telugu","EIGHTH_SCHEDULE_CLASSICAL",true,406,405,1,0,"99.75%","ENGLISH_FALLBACK_KEY_LEVEL","VERIFIED","2026-09-27 17:45:00"
"bn","Bengali","Bengali","EIGHTH_SCHEDULE_CLASSICAL",true,406,405,1,0,"99.75%","ENGLISH_FALLBACK_KEY_LEVEL","VERIFIED","2026-09-27 17:45:00"
"mr","Marathi","Devanagari","EIGHTH_SCHEDULE_CLASSICAL",true,406,405,1,0,"99.75%","ENGLISH_FALLBACK_KEY_LEVEL","VERIFIED","2026-09-27 17:45:00"
"gu","Gujarati","Gujarati","EIGHTH_SCHEDULE_OFFICIAL",true,406,405,1,0,"99.75%","ENGLISH_FALLBACK_KEY_LEVEL","VERIFIED","2026-09-27 17:45:00"
"kn","Kannada","Kannada","EIGHTH_SCHEDULE_CLASSICAL",true,406,405,1,0,"99.75%","ENGLISH_FALLBACK_KEY_LEVEL","VERIFIED","2026-09-27 17:45:00"
"ml","Malayalam","Malayalam","EIGHTH_SCHEDULE_CLASSICAL",true,406,405,1,0,"99.75%","ENGLISH_FALLBACK_KEY_LEVEL","VERIFIED","2026-09-27 17:45:00"
"pa","Punjabi","Gurmukhi","EIGHTH_SCHEDULE_OFFICIAL",true,406,405,1,0,"99.75%","ENGLISH_FALLBACK_KEY_LEVEL","VERIFIED","2026-09-27 17:45:00"
"ur","Urdu","Nastaliq/Arabic","EIGHTH_SCHEDULE_OFFICIAL",true,406,405,1,0,"99.75%","ENGLISH_FALLBACK_KEY_LEVEL","VERIFIED","2026-09-27 17:45:00"
"or","Odia","Odia","EIGHTH_SCHEDULE_CLASSICAL",true,406,405,1,0,"99.75%","ENGLISH_FALLBACK_KEY_LEVEL","VERIFIED","2026-09-27 17:45:00"
"sa","Sanskrit","Devanagari","EIGHTH_SCHEDULE_CLASSICAL",true,406,405,1,0,"99.75%","ENGLISH_FALLBACK_KEY_LEVEL","VERIFIED","2026-09-27 17:45:00"
"as","Assamese","Bengali-Assamese","EIGHTH_SCHEDULE_CLASSICAL",true,406,405,1,0,"99.75%","ENGLISH_FALLBACK_KEY_LEVEL","VERIFIED","2026-09-27 17:45:00"
"mai","Maithili","Devanagari","EIGHTH_SCHEDULE_OFFICIAL",true,406,405,1,0,"99.75%","ENGLISH_FALLBACK_KEY_LEVEL","VERIFIED","2026-09-27 17:45:00"
"ne","Nepali","Devanagari","EIGHTH_SCHEDULE_OFFICIAL",true,406,405,1,0,"99.75%","ENGLISH_FALLBACK_KEY_LEVEL","VERIFIED","2026-09-27 17:45:00"
"kok","Konkani","Devanagari","EIGHTH_SCHEDULE_OFFICIAL",true,406,405,1,0,"99.75%","ENGLISH_FALLBACK_KEY_LEVEL","VERIFIED","2026-09-27 17:45:00"
"sd","Sindhi","Arabic/Devanagari","EIGHTH_SCHEDULE_OFFICIAL",true,406,405,1,0,"99.75%","ENGLISH_FALLBACK_KEY_LEVEL","VERIFIED","2026-09-27 17:45:00"
"doi","Dogri","Devanagari","EIGHTH_SCHEDULE_OFFICIAL",true,406,405,1,0,"99.75%","ENGLISH_FALLBACK_KEY_LEVEL","VERIFIED","2026-09-27 17:45:00"
"ks","Kashmiri","Perso-Arabic","EIGHTH_SCHEDULE_OFFICIAL",true,406,405,1,0,"99.75%","ENGLISH_FALLBACK_KEY_LEVEL","VERIFIED","2026-09-27 17:45:00"
"sat","Santali","Ol Chiki","EIGHTH_SCHEDULE_OFFICIAL",true,406,405,1,0,"99.75%","ENGLISH_FALLBACK_KEY_LEVEL","VERIFIED","2026-09-27 17:45:00"
"brx","Bodo","Devanagari","EIGHTH_SCHEDULE_OFFICIAL",true,406,405,1,0,"99.75%","ENGLISH_FALLBACK_KEY_LEVEL","VERIFIED","2026-09-27 17:45:00"
"mni","Manipuri (Meitei)","Meetei Mayek","EIGHTH_SCHEDULE_OFFICIAL",false,406,0,406,0,"0.00%","BLOCKED_PENDING_WEBFONT","PENDING_SCRIPT_VALIDATION","2026-09-27 17:45:00"
"bho","Bhojpuri","Devanagari","MAJOR_NON_SCHEDULED_REGIONAL",true,406,405,1,0,"99.75%","ENGLISH_FALLBACK_KEY_LEVEL","VERIFIED","2026-09-27 17:45:00"
"hi-latn","Hinglish","Latin","UI_CONVENIENCE_DIALECT",true,406,213,193,0,"52.46%","HINDI_ENGLISH_HYBRID_FALLBACK","PARTIALLY_TRANSLATED_FALLBACK_ACTIVE","2026-09-27 17:45:00"