stage,subject_id,question_type,count_per_subject,marks_range,model_answer_min_chars,rubric_status
Class 5,ar-c5-english,very_short_answer,24,1-2 Marks,20,VERIFIED_COMPLETE
Class 5,ar-c5-english,short_answer,24,2-3 Marks,20,VERIFIED_COMPLETE
Class 5,ar-c5-english,case_study,12,4 Marks,20,VERIFIED_COMPLETE
Class 5,ar-c5-english,long_answer,15,5 Marks,20,VERIFIED_COMPLETE
Class 5,ar-c5-hindi,very_short_answer,24,1-2 Marks,20,VERIFIED_COMPLETE
Class 5,ar-c5-hindi,short_answer,24,2-3 Marks,20,VERIFIED_COMPLETE
Class 5,ar-c5-hindi,case_study,12,4 Marks,20,VERIFIED_COMPLETE
Class 5,ar-c5-hindi,long_answer,15,5 Marks,20,VERIFIED_COMPLETE
Class 5,ar-c5-mathematics,very_short_answer,24,1-2 Marks,20,VERIFIED_COMPLETE
Class 5,ar-c5-mathematics,short_answer,24,2-3 Marks,20,VERIFIED_COMPLETE
Class 5,ar-c5-mathematics,case_study,12,4 Marks,20,VERIFIED_COMPLETE
Class 5,ar-c5-mathematics,long_answer,15,5 Marks,20,VERIFIED_COMPLETE
Class 5,ar-c5-evs,very_short_answer,24,1-2 Marks,20,VERIFIED_COMPLETE
Class 5,ar-c5-evs,short_answer,24,2-3 Marks,20,VERIFIED_COMPLETE
Class 5,ar-c5-evs,case_study,12,4 Marks,20,VERIFIED_COMPLETE
Class 5,ar-c5-evs,long_answer,15,5 Marks,20,VERIFIED_COMPLETE
Class 5,ar-c5-arunachal-heritage,very_short_answer,24,1-2 Marks,20,VERIFIED_COMPLETE
Class 5,ar-c5-arunachal-heritage,short_answer,24,2-3 Marks,20,VERIFIED_COMPLETE
Class 5,ar-c5-arunachal-heritage,case_study,12,4 Marks,20,VERIFIED_COMPLETE
Class 5,ar-c5-arunachal-heritage,long_answer,15,5 Marks,20,VERIFIED_COMPLETE
Class 8,ar-c8-english,very_short_answer,24,1-2 Marks,20,VERIFIED_COMPLETE
Class 8,ar-c8-english,short_answer,24,2-3 Marks,20,VERIFIED_COMPLETE
Class 8,ar-c8-english,case_study,12,4 Marks,20,VERIFIED_COMPLETE
Class 8,ar-c8-english,long_answer,15,5 Marks,20,VERIFIED_COMPLETE
Class 8,ar-c8-hindi,very_short_answer,24,1-2 Marks,20,VERIFIED_COMPLETE
Class 8,ar-c8-hindi,short_answer,24,2-3 Marks,20,VERIFIED_COMPLETE
Class 8,ar-c8-hindi,case_study,12,4 Marks,20,VERIFIED_COMPLETE
Class 8,ar-c8-hindi,long_answer,15,5 Marks,20,VERIFIED_COMPLETE
Class 8,ar-c8-mathematics,very_short_answer,24,1-2 Marks,20,VERIFIED_COMPLETE
Class 8,ar-c8-mathematics,short_answer,24,2-3 Marks,20,VERIFIED_COMPLETE
Class 8,ar-c8-mathematics,case_study,12,4 Marks,20,VERIFIED_COMPLETE
Class 8,ar-c8-mathematics,long_answer,15,5 Marks,20,VERIFIED_COMPLETE
Class 8,ar-c8-science,very_short_answer,24,1-2 Marks,20,VERIFIED_COMPLETE
Class 8,ar-c8-science,short_answer,24,2-3 Marks,20,VERIFIED_COMPLETE
Class 8,ar-c8-science,case_study,12,4 Marks,20,VERIFIED_COMPLETE
Class 8,ar-c8-science,long_answer,15,5 Marks,20,VERIFIED_COMPLETE
Class 8,ar-c8-social-science,very_short_answer,24,1-2 Marks,20,VERIFIED_COMPLETE
Class 8,ar-c8-social-science,short_answer,24,2-3 Marks,20,VERIFIED_COMPLETE
Class 8,ar-c8-social-science,case_study,12,4 Marks,20,VERIFIED_COMPLETE
Class 8,ar-c8-social-science,long_answer,15,5 Marks,20,VERIFIED_COMPLETE
Class 8,ar-c8-third-language-skill,very_short_answer,24,1-2 Marks,20,VERIFIED_COMPLETE
Class 8,ar-c8-third-language-skill,short_answer,24,2-3 Marks,20,VERIFIED_COMPLETE
Class 8,ar-c8-third-language-skill,case_study,12,4 Marks,20,VERIFIED_COMPLETE
Class 8,ar-c8-third-language-skill,long_answer,15,5 Marks,20,VERIFIED_COMPLETE
