subject_id,subject_name,vsa_count,sa_count,case_study_count,la_count,total_subjectives,marking_scheme_present
kar-c10-english-fl,First Language English (FLE),24,24,12,15,75,YES_RUBRIC_INCLUDED
kar-c10-english-sl,Second Language English (SLE),24,24,12,15,75,YES_RUBRIC_INCLUDED
kar-c10-hindi-tl,Third Language Hindi (TLH - ತೃತೀಯ ಭಾಷೆ ಹಿಂದಿ),24,24,12,15,75,YES_RUBRIC_INCLUDED
kar-c10-kannada-fl,First Language Kannada (FLK - ಪ್ರಥಮ ಭಾಷೆ ಕನ್ನಡ),24,24,12,15,75,YES_RUBRIC_INCLUDED
kar-c10-kannada-sl,Second Language Kannada (SLK - ದ್ವಿತೀಯ ಭಾಷೆ ಕನ್ನಡ),24,24,12,15,75,YES_RUBRIC_INCLUDED
kar-c10-mathematics,Mathematics (ಗಣಿತ - SSLC Mathematics),24,24,12,15,75,YES_RUBRIC_INCLUDED
kar-c10-sanskrit-tl,Third Language Sanskrit (TLS - ತೃತೀಯ ಭಾಷೆ ಸಂಸ್ಕೃತ),24,24,12,15,75,YES_RUBRIC_INCLUDED
kar-c10-science,"Science (ವಿಜ್ಞಾನ - SSLC Physics, Chemistry & Biology)",24,24,12,15,75,YES_RUBRIC_INCLUDED
kar-c10-social-science,"Social Science (ಸಮಾಜ ವಿಜ್ಞಾನ - History, Pol Sci, Geog, Econ)",24,24,12,15,75,YES_RUBRIC_INCLUDED
kar-c10-urdu-fl,First Language Urdu (FLU - اردو پہلی زبان),24,24,12,15,75,YES_RUBRIC_INCLUDED
kar-c12-accountancy,Accountancy (ಲೆಕ್ಕಶಾಸ್ತ್ರ - II PUC),24,24,12,15,75,YES_RUBRIC_INCLUDED
kar-c12-basic-mathematics,Basic Mathematics (ಮೂಲ ಗಣಿತ - II PUC),24,24,12,15,75,YES_RUBRIC_INCLUDED
kar-c12-biology,Biology (ಜೀವಶಾಸ್ತ್ರ - II PUC),24,24,12,15,75,YES_RUBRIC_INCLUDED
kar-c12-business-studies,Business Studies (ವ್ಯವಹಾರ ಅಧ್ಯಯನ - II PUC),24,24,12,15,75,YES_RUBRIC_INCLUDED
kar-c12-chemistry,Chemistry (ರಸಾಯನಶಾಸ್ತ್ರ - II PUC),24,24,12,15,75,YES_RUBRIC_INCLUDED
kar-c12-computer-science,Computer Science (ಗಣಕ ವಿಜ್ಞಾನ - II PUC),24,24,12,15,75,YES_RUBRIC_INCLUDED
kar-c12-economics,Economics (ಅರ್ಥಶಾಸ್ತ್ರ - II PUC),24,24,12,15,75,YES_RUBRIC_INCLUDED
kar-c12-electronics,Electronics (ವಿದ್ಯುನ್ಮಾನ ಶಾಸ್ತ್ರ - II PUC),24,24,12,15,75,YES_RUBRIC_INCLUDED
kar-c12-english-part1,Part I English (II PUC),24,24,12,15,75,YES_RUBRIC_INCLUDED
kar-c12-geography,Geography (ಭೂಗೋಳಶಾಸ್ತ್ರ - II PUC),24,24,12,15,75,YES_RUBRIC_INCLUDED
kar-c12-hindi-part1,Part I Hindi (हिन्दी भाषा - II PUC),24,24,12,15,75,YES_RUBRIC_INCLUDED
kar-c12-history,History (ಇತಿಹಾಸ - II PUC),24,24,12,15,75,YES_RUBRIC_INCLUDED
kar-c12-kannada-part1,Part I Kannada (ಕನ್ನಡ ಭಾಷೆ - II PUC),24,24,12,15,75,YES_RUBRIC_INCLUDED
kar-c12-logic,Logic & Philosophy (ತರ್ಕಶಾಸ್ತ್ರ - II PUC),24,24,12,15,75,YES_RUBRIC_INCLUDED
kar-c12-mathematics,Mathematics (ಗಣಿತಶಾಸ್ತ್ರ - II PUC),24,24,12,15,75,YES_RUBRIC_INCLUDED
kar-c12-physics,Physics (ಭೌತಶಾಸ್ತ್ರ - II PUC),24,24,12,15,75,YES_RUBRIC_INCLUDED
kar-c12-political-science,Political Science (ರಾಜ್ಯಶಾಸ್ತ್ರ - II PUC),24,24,12,15,75,YES_RUBRIC_INCLUDED
kar-c12-sanskrit-part1,Part I Sanskrit (संस्कृत भाषा - II PUC),24,24,12,15,75,YES_RUBRIC_INCLUDED
kar-c12-sociology,Sociology (ಸಮಾಜಶಾಸ್ತ್ರ - II PUC),24,24,12,15,75,YES_RUBRIC_INCLUDED
kar-c12-statistics,Statistics (ಸಂಖ್ಯಾಶಾಸ್ತ್ರ - II PUC),24,24,12,15,75,YES_RUBRIC_INCLUDED
kar-c12-urdu-part1,Part I Urdu (اردو زبان - II PUC),24,24,12,15,75,YES_RUBRIC_INCLUDED
