Stream,Subject Code,Subject ID,Subject Name,Current MCQ,Target MCQ,Current Subj,Target Subj,Status,Gap Classification
"Science","117","bseb-physics-12","Physics (भौतिकी)",0,205,0,75,"PENDING_GENERATION","EMPTY"
"Science","118","bseb-chemistry-12","Chemistry (रसायन शास्त्र)",0,205,0,75,"PENDING_GENERATION","EMPTY"
"Science","119","bseb-biology-12","Biology (जीव विज्ञान)",0,205,0,75,"PENDING_GENERATION","EMPTY"
"Science","121","bseb-math-12","Mathematics (गणित 12)",0,205,0,75,"PENDING_GENERATION","EMPTY"
"Science","105","bseb-english-12","English (Class 12)",0,205,0,75,"PENDING_GENERATION","EMPTY"
"Science","106","bseb-hindi-12","Hindi (हिन्दी 12)",0,205,0,75,"PENDING_GENERATION","EMPTY"
"Science","122","bseb-cs-12","Computer Science",0,205,0,75,"PENDING_GENERATION","EMPTY"
"Commerce","217","bseb-accountancy-12","Accountancy (लेखाशास्त्र)",0,205,0,75,"PENDING_GENERATION","EMPTY"
"Commerce","218","bseb-business-12","Business Studies (व्यवसाय अध्ययन)",0,205,0,75,"PENDING_GENERATION","EMPTY"
"Commerce","219","bseb-economics-12","Economics (अर्थशास्त्र)",0,205,0,75,"PENDING_GENERATION","EMPTY"
"Commerce","220","bseb-entrepreneurship-12","Entrepreneurship (उद्यमिता)",0,205,0,75,"PENDING_GENERATION","EMPTY"
"Commerce","205","bseb-english-12","English (Commerce)",0,205,0,75,"PENDING_GENERATION","EMPTY"
"Commerce","206","bseb-hindi-12","Hindi (Commerce)",0,205,0,75,"PENDING_GENERATION","EMPTY"
"Humanities","321","bseb-history-12","History (इतिहास)",0,205,0,75,"PENDING_GENERATION","EMPTY"
"Humanities","322","bseb-polity-12","Political Science (राजनीति शास्त्र)",0,205,0,75,"PENDING_GENERATION","EMPTY"
"Humanities","323","bseb-geography-12","Geography (भूगोल)",0,205,0,75,"PENDING_GENERATION","EMPTY"
"Humanities","326","bseb-economics-arts-12","Economics (Arts)",0,205,0,75,"PENDING_GENERATION","EMPTY"
"Humanities","325","bseb-sociology-12","Sociology (समाजशास्त्र)",0,205,0,75,"PENDING_GENERATION","EMPTY"
"Humanities","324","bseb-psychology-12","Psychology (मनोविज्ञान)",0,205,0,75,"PENDING_GENERATION","EMPTY"
"Humanities","327","bseb-philosophy-12","Philosophy (दर्शनशास्त्र)",0,205,0,75,"PENDING_GENERATION","EMPTY"
"Agriculture","120","bseb-agri-12","Agriculture (कृषि विज्ञान)",0,205,0,75,"PENDING_GENERATION","EMPTY"
