pdf_bundle_id,stage,subject_id,title,questions_selected,mcqs,subjectives,duplicate_risk,verification_status
pdf-hp-c10-computer-science,Class 10,hp-c10-computer-science,HPBOSE Master Revision & Board Prep PDF: hp-c10-computer-science,280,205,75,ZERO_DUPLICATES,READY
pdf-hp-c10-english,Class 10,hp-c10-english,HPBOSE Master Revision & Board Prep PDF: hp-c10-english,280,205,75,ZERO_DUPLICATES,READY
pdf-hp-c10-hindi,Class 10,hp-c10-hindi,HPBOSE Master Revision & Board Prep PDF: hp-c10-hindi,280,205,75,ZERO_DUPLICATES,READY
pdf-hp-c10-mathematics-en,Class 10,hp-c10-mathematics-en,HPBOSE Master Revision & Board Prep PDF: hp-c10-mathematics-en,280,205,75,ZERO_DUPLICATES,READY
pdf-hp-c10-mathematics-hi,Class 10,hp-c10-mathematics-hi,HPBOSE Master Revision & Board Prep PDF: hp-c10-mathematics-hi,280,205,75,ZERO_DUPLICATES,READY
pdf-hp-c10-sanskrit,Class 10,hp-c10-sanskrit,HPBOSE Master Revision & Board Prep PDF: hp-c10-sanskrit,280,205,75,ZERO_DUPLICATES,READY
pdf-hp-c10-science-en,Class 10,hp-c10-science-en,HPBOSE Master Revision & Board Prep PDF: hp-c10-science-en,280,205,75,ZERO_DUPLICATES,READY
pdf-hp-c10-science-hi,Class 10,hp-c10-science-hi,HPBOSE Master Revision & Board Prep PDF: hp-c10-science-hi,280,205,75,ZERO_DUPLICATES,READY
pdf-hp-c10-social-science-en,Class 10,hp-c10-social-science-en,HPBOSE Master Revision & Board Prep PDF: hp-c10-social-science-en,280,205,75,ZERO_DUPLICATES,READY
pdf-hp-c10-social-science-hi,Class 10,hp-c10-social-science-hi,HPBOSE Master Revision & Board Prep PDF: hp-c10-social-science-hi,280,205,75,ZERO_DUPLICATES,READY
pdf-hp-c12-accountancy,Class 12,hp-c12-accountancy,HPBOSE Master Revision & Board Prep PDF: hp-c12-accountancy,280,205,75,ZERO_DUPLICATES,READY
pdf-hp-c12-biology,Class 12,hp-c12-biology,HPBOSE Master Revision & Board Prep PDF: hp-c12-biology,280,205,75,ZERO_DUPLICATES,READY
pdf-hp-c12-business-maths,Class 12,hp-c12-business-maths,HPBOSE Master Revision & Board Prep PDF: hp-c12-business-maths,280,205,75,ZERO_DUPLICATES,READY
pdf-hp-c12-business-studies,Class 12,hp-c12-business-studies,HPBOSE Master Revision & Board Prep PDF: hp-c12-business-studies,280,205,75,ZERO_DUPLICATES,READY
pdf-hp-c12-chemistry,Class 12,hp-c12-chemistry,HPBOSE Master Revision & Board Prep PDF: hp-c12-chemistry,280,205,75,ZERO_DUPLICATES,READY
pdf-hp-c12-computer-science,Class 12,hp-c12-computer-science,HPBOSE Master Revision & Board Prep PDF: hp-c12-computer-science,280,205,75,ZERO_DUPLICATES,READY
pdf-hp-c12-economics,Class 12,hp-c12-economics,HPBOSE Master Revision & Board Prep PDF: hp-c12-economics,280,205,75,ZERO_DUPLICATES,READY
pdf-hp-c12-english,Class 12,hp-c12-english,HPBOSE Master Revision & Board Prep PDF: hp-c12-english,280,205,75,ZERO_DUPLICATES,READY
pdf-hp-c12-financial-literacy,Class 12,hp-c12-financial-literacy,HPBOSE Master Revision & Board Prep PDF: hp-c12-financial-literacy,280,205,75,ZERO_DUPLICATES,READY
pdf-hp-c12-geography,Class 12,hp-c12-geography,HPBOSE Master Revision & Board Prep PDF: hp-c12-geography,280,205,75,ZERO_DUPLICATES,READY
pdf-hp-c12-hindi,Class 12,hp-c12-hindi,HPBOSE Master Revision & Board Prep PDF: hp-c12-hindi,280,205,75,ZERO_DUPLICATES,READY
pdf-hp-c12-history,Class 12,hp-c12-history,HPBOSE Master Revision & Board Prep PDF: hp-c12-history,280,205,75,ZERO_DUPLICATES,READY
pdf-hp-c12-mathematics,Class 12,hp-c12-mathematics,HPBOSE Master Revision & Board Prep PDF: hp-c12-mathematics,280,205,75,ZERO_DUPLICATES,READY
pdf-hp-c12-physical-education,Class 12,hp-c12-physical-education,HPBOSE Master Revision & Board Prep PDF: hp-c12-physical-education,280,205,75,ZERO_DUPLICATES,READY
pdf-hp-c12-physics,Class 12,hp-c12-physics,HPBOSE Master Revision & Board Prep PDF: hp-c12-physics,280,205,75,ZERO_DUPLICATES,READY
pdf-hp-c12-political-science,Class 12,hp-c12-political-science,HPBOSE Master Revision & Board Prep PDF: hp-c12-political-science,280,205,75,ZERO_DUPLICATES,READY
pdf-hp-c12-psychology,Class 12,hp-c12-psychology,HPBOSE Master Revision & Board Prep PDF: hp-c12-psychology,280,205,75,ZERO_DUPLICATES,READY
pdf-hp-c12-public-administration,Class 12,hp-c12-public-administration,HPBOSE Master Revision & Board Prep PDF: hp-c12-public-administration,280,205,75,ZERO_DUPLICATES,READY
pdf-hp-c12-sanskrit,Class 12,hp-c12-sanskrit,HPBOSE Master Revision & Board Prep PDF: hp-c12-sanskrit,280,205,75,ZERO_DUPLICATES,READY
pdf-hp-c12-sociology,Class 12,hp-c12-sociology,HPBOSE Master Revision & Board Prep PDF: hp-c12-sociology,280,205,75,ZERO_DUPLICATES,READY
pdf-hp-c12-urdu,Class 12,hp-c12-urdu,HPBOSE Master Revision & Board Prep PDF: hp-c12-urdu,280,205,75,ZERO_DUPLICATES,READY
