mock_mode,stage,subject_id,pool_size,mock_question_count,internal_duplicate_count,full_exam_eligible,status
LEARNING_MOCK,Class 10,hp-c10-computer-science,280,50,0,YES,VERIFIED
PRACTICE_MOCK,Class 10,hp-c10-computer-science,280,50,0,YES,VERIFIED
FULL_EXAM,Class 10,hp-c10-computer-science,280,100,0,YES,BLUEPRINT_ALIGNED
LEARNING_MOCK,Class 10,hp-c10-english,280,50,0,YES,VERIFIED
PRACTICE_MOCK,Class 10,hp-c10-english,280,50,0,YES,VERIFIED
FULL_EXAM,Class 10,hp-c10-english,280,100,0,YES,BLUEPRINT_ALIGNED
LEARNING_MOCK,Class 10,hp-c10-hindi,280,50,0,YES,VERIFIED
PRACTICE_MOCK,Class 10,hp-c10-hindi,280,50,0,YES,VERIFIED
FULL_EXAM,Class 10,hp-c10-hindi,280,100,0,YES,BLUEPRINT_ALIGNED
LEARNING_MOCK,Class 10,hp-c10-mathematics-en,280,50,0,YES,VERIFIED
PRACTICE_MOCK,Class 10,hp-c10-mathematics-en,280,50,0,YES,VERIFIED
FULL_EXAM,Class 10,hp-c10-mathematics-en,280,100,0,YES,BLUEPRINT_ALIGNED
LEARNING_MOCK,Class 10,hp-c10-mathematics-hi,280,50,0,YES,VERIFIED
PRACTICE_MOCK,Class 10,hp-c10-mathematics-hi,280,50,0,YES,VERIFIED
FULL_EXAM,Class 10,hp-c10-mathematics-hi,280,100,0,YES,BLUEPRINT_ALIGNED
LEARNING_MOCK,Class 10,hp-c10-sanskrit,280,50,0,YES,VERIFIED
PRACTICE_MOCK,Class 10,hp-c10-sanskrit,280,50,0,YES,VERIFIED
FULL_EXAM,Class 10,hp-c10-sanskrit,280,100,0,YES,BLUEPRINT_ALIGNED
LEARNING_MOCK,Class 10,hp-c10-science-en,280,50,0,YES,VERIFIED
PRACTICE_MOCK,Class 10,hp-c10-science-en,280,50,0,YES,VERIFIED
FULL_EXAM,Class 10,hp-c10-science-en,280,100,0,YES,BLUEPRINT_ALIGNED
LEARNING_MOCK,Class 10,hp-c10-science-hi,280,50,0,YES,VERIFIED
PRACTICE_MOCK,Class 10,hp-c10-science-hi,280,50,0,YES,VERIFIED
FULL_EXAM,Class 10,hp-c10-science-hi,280,100,0,YES,BLUEPRINT_ALIGNED
LEARNING_MOCK,Class 10,hp-c10-social-science-en,280,50,0,YES,VERIFIED
PRACTICE_MOCK,Class 10,hp-c10-social-science-en,280,50,0,YES,VERIFIED
FULL_EXAM,Class 10,hp-c10-social-science-en,280,100,0,YES,BLUEPRINT_ALIGNED
LEARNING_MOCK,Class 10,hp-c10-social-science-hi,280,50,0,YES,VERIFIED
PRACTICE_MOCK,Class 10,hp-c10-social-science-hi,280,50,0,YES,VERIFIED
FULL_EXAM,Class 10,hp-c10-social-science-hi,280,100,0,YES,BLUEPRINT_ALIGNED
LEARNING_MOCK,Class 12,hp-c12-accountancy,280,50,0,YES,VERIFIED
PRACTICE_MOCK,Class 12,hp-c12-accountancy,280,50,0,YES,VERIFIED
FULL_EXAM,Class 12,hp-c12-accountancy,280,100,0,YES,BLUEPRINT_ALIGNED
LEARNING_MOCK,Class 12,hp-c12-biology,280,50,0,YES,VERIFIED
PRACTICE_MOCK,Class 12,hp-c12-biology,280,50,0,YES,VERIFIED
FULL_EXAM,Class 12,hp-c12-biology,280,100,0,YES,BLUEPRINT_ALIGNED
LEARNING_MOCK,Class 12,hp-c12-business-maths,280,50,0,YES,VERIFIED
PRACTICE_MOCK,Class 12,hp-c12-business-maths,280,50,0,YES,VERIFIED
FULL_EXAM,Class 12,hp-c12-business-maths,280,100,0,YES,BLUEPRINT_ALIGNED
LEARNING_MOCK,Class 12,hp-c12-business-studies,280,50,0,YES,VERIFIED
PRACTICE_MOCK,Class 12,hp-c12-business-studies,280,50,0,YES,VERIFIED
FULL_EXAM,Class 12,hp-c12-business-studies,280,100,0,YES,BLUEPRINT_ALIGNED
LEARNING_MOCK,Class 12,hp-c12-chemistry,280,50,0,YES,VERIFIED
PRACTICE_MOCK,Class 12,hp-c12-chemistry,280,50,0,YES,VERIFIED
FULL_EXAM,Class 12,hp-c12-chemistry,280,100,0,YES,BLUEPRINT_ALIGNED
LEARNING_MOCK,Class 12,hp-c12-computer-science,280,50,0,YES,VERIFIED
PRACTICE_MOCK,Class 12,hp-c12-computer-science,280,50,0,YES,VERIFIED
FULL_EXAM,Class 12,hp-c12-computer-science,280,100,0,YES,BLUEPRINT_ALIGNED
LEARNING_MOCK,Class 12,hp-c12-economics,280,50,0,YES,VERIFIED
PRACTICE_MOCK,Class 12,hp-c12-economics,280,50,0,YES,VERIFIED
FULL_EXAM,Class 12,hp-c12-economics,280,100,0,YES,BLUEPRINT_ALIGNED
LEARNING_MOCK,Class 12,hp-c12-english,280,50,0,YES,VERIFIED
PRACTICE_MOCK,Class 12,hp-c12-english,280,50,0,YES,VERIFIED
FULL_EXAM,Class 12,hp-c12-english,280,100,0,YES,BLUEPRINT_ALIGNED
LEARNING_MOCK,Class 12,hp-c12-financial-literacy,280,50,0,YES,VERIFIED
PRACTICE_MOCK,Class 12,hp-c12-financial-literacy,280,50,0,YES,VERIFIED
FULL_EXAM,Class 12,hp-c12-financial-literacy,280,100,0,YES,BLUEPRINT_ALIGNED
LEARNING_MOCK,Class 12,hp-c12-geography,280,50,0,YES,VERIFIED
PRACTICE_MOCK,Class 12,hp-c12-geography,280,50,0,YES,VERIFIED
FULL_EXAM,Class 12,hp-c12-geography,280,100,0,YES,BLUEPRINT_ALIGNED
LEARNING_MOCK,Class 12,hp-c12-hindi,280,50,0,YES,VERIFIED
PRACTICE_MOCK,Class 12,hp-c12-hindi,280,50,0,YES,VERIFIED
FULL_EXAM,Class 12,hp-c12-hindi,280,100,0,YES,BLUEPRINT_ALIGNED
LEARNING_MOCK,Class 12,hp-c12-history,280,50,0,YES,VERIFIED
PRACTICE_MOCK,Class 12,hp-c12-history,280,50,0,YES,VERIFIED
FULL_EXAM,Class 12,hp-c12-history,280,100,0,YES,BLUEPRINT_ALIGNED
LEARNING_MOCK,Class 12,hp-c12-mathematics,280,50,0,YES,VERIFIED
PRACTICE_MOCK,Class 12,hp-c12-mathematics,280,50,0,YES,VERIFIED
FULL_EXAM,Class 12,hp-c12-mathematics,280,100,0,YES,BLUEPRINT_ALIGNED
LEARNING_MOCK,Class 12,hp-c12-physical-education,280,50,0,YES,VERIFIED
PRACTICE_MOCK,Class 12,hp-c12-physical-education,280,50,0,YES,VERIFIED
FULL_EXAM,Class 12,hp-c12-physical-education,280,100,0,YES,BLUEPRINT_ALIGNED
LEARNING_MOCK,Class 12,hp-c12-physics,280,50,0,YES,VERIFIED
PRACTICE_MOCK,Class 12,hp-c12-physics,280,50,0,YES,VERIFIED
FULL_EXAM,Class 12,hp-c12-physics,280,100,0,YES,BLUEPRINT_ALIGNED
LEARNING_MOCK,Class 12,hp-c12-political-science,280,50,0,YES,VERIFIED
PRACTICE_MOCK,Class 12,hp-c12-political-science,280,50,0,YES,VERIFIED
FULL_EXAM,Class 12,hp-c12-political-science,280,100,0,YES,BLUEPRINT_ALIGNED
LEARNING_MOCK,Class 12,hp-c12-psychology,280,50,0,YES,VERIFIED
PRACTICE_MOCK,Class 12,hp-c12-psychology,280,50,0,YES,VERIFIED
FULL_EXAM,Class 12,hp-c12-psychology,280,100,0,YES,BLUEPRINT_ALIGNED
LEARNING_MOCK,Class 12,hp-c12-public-administration,280,50,0,YES,VERIFIED
PRACTICE_MOCK,Class 12,hp-c12-public-administration,280,50,0,YES,VERIFIED
FULL_EXAM,Class 12,hp-c12-public-administration,280,100,0,YES,BLUEPRINT_ALIGNED
LEARNING_MOCK,Class 12,hp-c12-sanskrit,280,50,0,YES,VERIFIED
PRACTICE_MOCK,Class 12,hp-c12-sanskrit,280,50,0,YES,VERIFIED
FULL_EXAM,Class 12,hp-c12-sanskrit,280,100,0,YES,BLUEPRINT_ALIGNED
LEARNING_MOCK,Class 12,hp-c12-sociology,280,50,0,YES,VERIFIED
PRACTICE_MOCK,Class 12,hp-c12-sociology,280,50,0,YES,VERIFIED
FULL_EXAM,Class 12,hp-c12-sociology,280,100,0,YES,BLUEPRINT_ALIGNED
LEARNING_MOCK,Class 12,hp-c12-urdu,280,50,0,YES,VERIFIED
PRACTICE_MOCK,Class 12,hp-c12-urdu,280,50,0,YES,VERIFIED
FULL_EXAM,Class 12,hp-c12-urdu,280,100,0,YES,BLUEPRINT_ALIGNED
