"Metric","Value","Verification Note"
"Total Questions in Database","91550","100% verified across 9 active boards + 32 exams"
"MSBSHSE Board Questions (Board #9)","8680","100% verified MSBSHSE isolated content"
"MSBSHSE Objective Questions (MCQs)","6355","Practice & Full Exam eligible (31 subjects x 205)"
"MSBSHSE Subjective Questions","2325","Revision & Notes eligible (31 subjects x 75 = 3x exam depth)"
"Pre-Mutation DB SHA-256","1CC8D1B902967977FBF5FF51E745C2ECD790EEE756554C392FD874D6C3851146","Cryptographic pre-mutation hash"
"Post-Mutation DB SHA-256","688F90490EF9326CE09D10287A6463C047F074AD31C569D46D80FFE4F925FFFC","Cryptographic post-mutation hash"
"Database Foreign Key Check","0 Errors","PRAGMA foreign_key_check verified"
"Database Integrity Check","OK","PRAGMA integrity_check verified"
"CBSE Board Questions (Board #1)","7000","100% preserved"
"PSEB Board Questions (Board #2)","8680","100% preserved"
"BSEB Board Questions (Board #3)","8400","100% preserved"
"UBSE Board Questions (Board #4)","8680","100% preserved"
"UPMSP Board Questions (Board #5)","8680","100% preserved"
"MPBSE Board Questions (Board #6)","8680","100% preserved"
"NIOS Board Questions (Board #7)","8680","100% preserved"
"RBSE Board Questions (Board #8)","8680","100% preserved"
"Competitive Exams Questions","15390","100% preserved across 32 exams"
"Remaining 22 State Boards","000","Strictly 0 questions awaiting individual master prompts"
