state,board,class,stream,subject,language,currentCount,target,shortage,patternStatus,coverageStatus
Andhra Pradesh,bseap-board,Class 10,General,Mathematics,te,0,200,200,PATTERN_PENDING,ZERO_OBJECTIVE
Andhra Pradesh,bseap-board,Class 10,General,Mathematics,en,0,200,200,PATTERN_PENDING,ZERO_OBJECTIVE
Andhra Pradesh,bseap-board,Class 10,General,Science & Technology,te,0,200,200,PATTERN_PENDING,ZERO_OBJECTIVE
Andhra Pradesh,bseap-board,Class 10,General,Science & Technology,en,0,200,200,PATTERN_PENDING,ZERO_OBJECTIVE
Andhra Pradesh,bseap-board,Class 10,General,Social Science,te,0,200,200,PATTERN_PENDING,ZERO_OBJECTIVE
Andhra Pradesh,bseap-board,Class 10,General,Social Science,en,0,200,200,PATTERN_PENDING,ZERO_OBJECTIVE
Andhra Pradesh,bseap-board,Class 10,General,English Language & Literature,te,0,200,200,PATTERN_PENDING,ZERO_OBJECTIVE
Andhra Pradesh,bseap-board,Class 10,General,English Language & Literature,en,0,200,200,PATTERN_PENDING,ZERO_OBJECTIVE
Andhra Pradesh,bseap-board,Class 10,General,First Language (Regional/Hindi),te,0,200,200,PATTERN_PENDING,ZERO_OBJECTIVE
Andhra Pradesh,bseap-board,Class 10,General,First Language (Regional/Hindi),en,0,200,200,PATTERN_PENDING,ZERO_OBJECTIVE
Andhra Pradesh,bseap-board,Class 12,Science,Physics,te,0,200,200,PATTERN_PENDING,ZERO_OBJECTIVE
Andhra Pradesh,bseap-board,Class 12,Science,Physics,en,0,200,200,PATTERN_PENDING,ZERO_OBJECTIVE
Andhra Pradesh,bseap-board,Class 12,Science,Chemistry,te,0,200,200,PATTERN_PENDING,ZERO_OBJECTIVE
Andhra Pradesh,bseap-board,Class 12,Science,Chemistry,en,0,200,200,PATTERN_PENDING,ZERO_OBJECTIVE
Andhra Pradesh,bseap-board,Class 12,Science,Higher Mathematics,te,0,200,200,PATTERN_PENDING,ZERO_OBJECTIVE
Andhra Pradesh,bseap-board,Class 12,Science,Higher Mathematics,en,0,200,200,PATTERN_PENDING,ZERO_OBJECTIVE
Andhra Pradesh,bseap-board,Class 12,Science,Biology,te,0,200,200,PATTERN_PENDING,ZERO_OBJECTIVE
Andhra Pradesh,bseap-board,Class 12,Science,Biology,en,0,200,200,PATTERN_PENDING,ZERO_OBJECTIVE
Andhra Pradesh,bseap-board,Class 12,Commerce,Accountancy,te,0,200,200,PATTERN_PENDING,ZERO_OBJECTIVE
Andhra Pradesh,bseap-board,Class 12,Commerce,Accountancy,en,0,200,200,PATTERN_PENDING,ZERO_OBJECTIVE
Andhra Pradesh,bseap-board,Class 12,Commerce,Business Studies,te,0,200,200,PATTERN_PENDING,ZERO_OBJECTIVE
Andhra Pradesh,bseap-board,Class 12,Commerce,Business Studies,en,0,200,200,PATTERN_PENDING,ZERO_OBJECTIVE
Andhra Pradesh,bseap-board,Class 12,Commerce,Economics,te,0,200,200,PATTERN_PENDING,ZERO_OBJECTIVE
Andhra Pradesh,bseap-board,Class 12,Commerce,Economics,en,0,200,200,PATTERN_PENDING,ZERO_OBJECTIVE
Bihar,bseb-bihar,Class 10,General,Mathematics,hi,0,200,200,PATTERN_PENDING,ZERO_OBJECTIVE
Bihar,bseb-bihar,Class 10,General,Mathematics,en,0,200,200,PATTERN_PENDING,ZERO_OBJECTIVE
Bihar,bseb-bihar,Class 10,General,Mathematics,ur,0,200,200,PATTERN_PENDING,ZERO_OBJECTIVE
Bihar,bseb-bihar,Class 10,General,Science & Technology,hi,0,200,200,PATTERN_PENDING,ZERO_OBJECTIVE
Bihar,bseb-bihar,Class 10,General,Science & Technology,en,0,200,200,PATTERN_PENDING,ZERO_OBJECTIVE
Bihar,bseb-bihar,Class 10,General,Science & Technology,ur,0,200,200,PATTERN_PENDING,ZERO_OBJECTIVE
Bihar,bseb-bihar,Class 10,General,Social Science,hi,0,200,200,PATTERN_PENDING,ZERO_OBJECTIVE
Bihar,bseb-bihar,Class 10,General,Social Science,en,0,200,200,PATTERN_PENDING,ZERO_OBJECTIVE
Bihar,bseb-bihar,Class 10,General,Social Science,ur,0,200,200,PATTERN_PENDING,ZERO_OBJECTIVE
Bihar,bseb-bihar,Class 10,General,English Language & Literature,hi,0,200,200,PATTERN_PENDING,ZERO_OBJECTIVE
Bihar,bseb-bihar,Class 10,General,English Language & Literature,en,0,200,200,PATTERN_PENDING,ZERO_OBJECTIVE
Bihar,bseb-bihar,Class 10,General,English Language & Literature,ur,0,200,200,PATTERN_PENDING,ZERO_OBJECTIVE
Bihar,bseb-bihar,Class 10,General,First Language (Regional/Hindi),hi,0,200,200,PATTERN_PENDING,ZERO_OBJECTIVE
Bihar,bseb-bihar,Class 10,General,First Language (Regional/Hindi),en,0,200,200,PATTERN_PENDING,ZERO_OBJECTIVE
Bihar,bseb-bihar,Class 10,General,First Language (Regional/Hindi),ur,0,200,200,PATTERN_PENDING,ZERO_OBJECTIVE
Bihar,bseb-bihar,Class 12,Science,Physics,hi,0,200,200,PATTERN_PENDING,ZERO_OBJECTIVE
Bihar,bseb-bihar,Class 12,Science,Physics,en,0,200,200,PATTERN_PENDING,ZERO_OBJECTIVE
Bihar,bseb-bihar,Class 12,Science,Physics,ur,0,200,200,PATTERN_PENDING,ZERO_OBJECTIVE
Bihar,bseb-bihar,Class 12,Science,Chemistry,hi,0,200,200,PATTERN_PENDING,ZERO_OBJECTIVE
Bihar,bseb-bihar,Class 12,Science,Chemistry,en,0,200,200,PATTERN_PENDING,ZERO_OBJECTIVE
Bihar,bseb-bihar,Class 12,Science,Chemistry,ur,0,200,200,PATTERN_PENDING,ZERO_OBJECTIVE
Bihar,bseb-bihar,Class 12,Science,Higher Mathematics,hi,0,200,200,PATTERN_PENDING,ZERO_OBJECTIVE
Bihar,bseb-bihar,Class 12,Science,Higher Mathematics,en,0,200,200,PATTERN_PENDING,ZERO_OBJECTIVE
Bihar,bseb-bihar,Class 12,Science,Higher Mathematics,ur,0,200,200,PATTERN_PENDING,ZERO_OBJECTIVE
Bihar,bseb-bihar,Class 12,Science,Biology,hi,0,200,200,PATTERN_PENDING,ZERO_OBJECTIVE
Bihar,bseb-bihar,Class 12,Science,Biology,en,0,200,200,PATTERN_PENDING,ZERO_OBJECTIVE
Bihar,bseb-bihar,Class 12,Science,Biology,ur,0,200,200,PATTERN_PENDING,ZERO_OBJECTIVE
Bihar,bseb-bihar,Class 12,Commerce,Accountancy,hi,0,200,200,PATTERN_PENDING,ZERO_OBJECTIVE
Bihar,bseb-bihar,Class 12,Commerce,Accountancy,en,0,200,200,PATTERN_PENDING,ZERO_OBJECTIVE
Bihar,bseb-bihar,Class 12,Commerce,Accountancy,ur,0,200,200,PATTERN_PENDING,ZERO_OBJECTIVE
Bihar,bseb-bihar,Class 12,Commerce,Business Studies,hi,0,200,200,PATTERN_PENDING,ZERO_OBJECTIVE
Bihar,bseb-bihar,Class 12,Commerce,Business Studies,en,0,200,200,PATTERN_PENDING,ZERO_OBJECTIVE
Bihar,bseb-bihar,Class 12,Commerce,Business Studies,ur,0,200,200,PATTERN_PENDING,ZERO_OBJECTIVE
Bihar,bseb-bihar,Class 12,Commerce,Economics,hi,0,200,200,PATTERN_PENDING,ZERO_OBJECTIVE
Bihar,bseb-bihar,Class 12,Commerce,Economics,en,0,200,200,PATTERN_PENDING,ZERO_OBJECTIVE
Bihar,bseb-bihar,Class 12,Commerce,Economics,ur,0,200,200,PATTERN_PENDING,ZERO_OBJECTIVE
Haryana,bseh-haryana,Class 10,General,Mathematics,hi,0,200,200,PATTERN_PENDING,ZERO_OBJECTIVE
Haryana,bseh-haryana,Class 10,General,Mathematics,en,0,200,200,PATTERN_PENDING,ZERO_OBJECTIVE
Haryana,bseh-haryana,Class 10,General,Science & Technology,hi,0,200,200,PATTERN_PENDING,ZERO_OBJECTIVE
Haryana,bseh-haryana,Class 10,General,Science & Technology,en,0,200,200,PATTERN_PENDING,ZERO_OBJECTIVE
Haryana,bseh-haryana,Class 10,General,Social Science,hi,0,200,200,PATTERN_PENDING,ZERO_OBJECTIVE
Haryana,bseh-haryana,Class 10,General,Social Science,en,0,200,200,PATTERN_PENDING,ZERO_OBJECTIVE
Haryana,bseh-haryana,Class 10,General,English Language & Literature,hi,0,200,200,PATTERN_PENDING,ZERO_OBJECTIVE
Haryana,bseh-haryana,Class 10,General,English Language & Literature,en,0,200,200,PATTERN_PENDING,ZERO_OBJECTIVE
Haryana,bseh-haryana,Class 10,General,First Language (Regional/Hindi),hi,0,200,200,PATTERN_PENDING,ZERO_OBJECTIVE
Haryana,bseh-haryana,Class 10,General,First Language (Regional/Hindi),en,0,200,200,PATTERN_PENDING,ZERO_OBJECTIVE
Haryana,bseh-haryana,Class 12,Science,Physics,hi,0,200,200,PATTERN_PENDING,ZERO_OBJECTIVE
Haryana,bseh-haryana,Class 12,Science,Physics,en,0,200,200,PATTERN_PENDING,ZERO_OBJECTIVE
Haryana,bseh-haryana,Class 12,Science,Chemistry,hi,0,200,200,PATTERN_PENDING,ZERO_OBJECTIVE
Haryana,bseh-haryana,Class 12,Science,Chemistry,en,0,200,200,PATTERN_PENDING,ZERO_OBJECTIVE
Haryana,bseh-haryana,Class 12,Science,Higher Mathematics,hi,0,200,200,PATTERN_PENDING,ZERO_OBJECTIVE
Haryana,bseh-haryana,Class 12,Science,Higher Mathematics,en,0,200,200,PATTERN_PENDING,ZERO_OBJECTIVE
Haryana,bseh-haryana,Class 12,Science,Biology,hi,0,200,200,PATTERN_PENDING,ZERO_OBJECTIVE
Haryana,bseh-haryana,Class 12,Science,Biology,en,0,200,200,PATTERN_PENDING,ZERO_OBJECTIVE
Haryana,bseh-haryana,Class 12,Commerce,Accountancy,hi,0,200,200,PATTERN_PENDING,ZERO_OBJECTIVE
Haryana,bseh-haryana,Class 12,Commerce,Accountancy,en,0,200,200,PATTERN_PENDING,ZERO_OBJECTIVE
Haryana,bseh-haryana,Class 12,Commerce,Business Studies,hi,0,200,200,PATTERN_PENDING,ZERO_OBJECTIVE
Haryana,bseh-haryana,Class 12,Commerce,Business Studies,en,0,200,200,PATTERN_PENDING,ZERO_OBJECTIVE
Haryana,bseh-haryana,Class 12,Commerce,Economics,hi,0,200,200,PATTERN_PENDING,ZERO_OBJECTIVE
Haryana,bseh-haryana,Class 12,Commerce,Economics,en,0,200,200,PATTERN_PENDING,ZERO_OBJECTIVE
Manipur,bsem-board,Class 10,General,Mathematics,mni,0,200,200,PATTERN_PENDING,ZERO_OBJECTIVE
Manipur,bsem-board,Class 10,General,Mathematics,en,0,200,200,PATTERN_PENDING,ZERO_OBJECTIVE
Manipur,bsem-board,Class 10,General,Science & Technology,mni,0,200,200,PATTERN_PENDING,ZERO_OBJECTIVE
Manipur,bsem-board,Class 10,General,Science & Technology,en,0,200,200,PATTERN_PENDING,ZERO_OBJECTIVE
Manipur,bsem-board,Class 10,General,Social Science,mni,0,200,200,PATTERN_PENDING,ZERO_OBJECTIVE
Manipur,bsem-board,Class 10,General,Social Science,en,0,200,200,PATTERN_PENDING,ZERO_OBJECTIVE
Manipur,bsem-board,Class 10,General,English Language & Literature,mni,0,200,200,PATTERN_PENDING,ZERO_OBJECTIVE
Manipur,bsem-board,Class 10,General,English Language & Literature,en,0,200,200,PATTERN_PENDING,ZERO_OBJECTIVE
Manipur,bsem-board,Class 10,General,First Language (Regional/Hindi),mni,0,200,200,PATTERN_PENDING,ZERO_OBJECTIVE
Manipur,bsem-board,Class 10,General,First Language (Regional/Hindi),en,0,200,200,PATTERN_PENDING,ZERO_OBJECTIVE
Manipur,bsem-board,Class 12,Science,Physics,mni,0,200,200,PATTERN_PENDING,ZERO_OBJECTIVE
Manipur,bsem-board,Class 12,Science,Physics,en,0,200,200,PATTERN_PENDING,ZERO_OBJECTIVE
Manipur,bsem-board,Class 12,Science,Chemistry,mni,0,200,200,PATTERN_PENDING,ZERO_OBJECTIVE
Manipur,bsem-board,Class 12,Science,Chemistry,en,0,200,200,PATTERN_PENDING,ZERO_OBJECTIVE
Manipur,bsem-board,Class 12,Science,Higher Mathematics,mni,0,200,200,PATTERN_PENDING,ZERO_OBJECTIVE
Manipur,bsem-board,Class 12,Science,Higher Mathematics,en,0,200,200,PATTERN_PENDING,ZERO_OBJECTIVE
Manipur,bsem-board,Class 12,Science,Biology,mni,0,200,200,PATTERN_PENDING,ZERO_OBJECTIVE
Manipur,bsem-board,Class 12,Science,Biology,en,0,200,200,PATTERN_PENDING,ZERO_OBJECTIVE
Manipur,bsem-board,Class 12,Commerce,Accountancy,mni,0,200,200,PATTERN_PENDING,ZERO_OBJECTIVE
Manipur,bsem-board,Class 12,Commerce,Accountancy,en,0,200,200,PATTERN_PENDING,ZERO_OBJECTIVE
Manipur,bsem-board,Class 12,Commerce,Business Studies,mni,0,200,200,PATTERN_PENDING,ZERO_OBJECTIVE
Manipur,bsem-board,Class 12,Commerce,Business Studies,en,0,200,200,PATTERN_PENDING,ZERO_OBJECTIVE
Manipur,bsem-board,Class 12,Commerce,Economics,mni,0,200,200,PATTERN_PENDING,ZERO_OBJECTIVE
Manipur,bsem-board,Class 12,Commerce,Economics,en,0,200,200,PATTERN_PENDING,ZERO_OBJECTIVE
Telangana,bsetg-board,Class 10,General,Mathematics,te,0,200,200,PATTERN_PENDING,ZERO_OBJECTIVE
Telangana,bsetg-board,Class 10,General,Mathematics,en,0,200,200,PATTERN_PENDING,ZERO_OBJECTIVE
Telangana,bsetg-board,Class 10,General,Science & Technology,te,0,200,200,PATTERN_PENDING,ZERO_OBJECTIVE
Telangana,bsetg-board,Class 10,General,Science & Technology,en,0,200,200,PATTERN_PENDING,ZERO_OBJECTIVE
Telangana,bsetg-board,Class 10,General,Social Science,te,0,200,200,PATTERN_PENDING,ZERO_OBJECTIVE
Telangana,bsetg-board,Class 10,General,Social Science,en,0,200,200,PATTERN_PENDING,ZERO_OBJECTIVE
Telangana,bsetg-board,Class 10,General,English Language & Literature,te,0,200,200,PATTERN_PENDING,ZERO_OBJECTIVE
Telangana,bsetg-board,Class 10,General,English Language & Literature,en,0,200,200,PATTERN_PENDING,ZERO_OBJECTIVE
Telangana,bsetg-board,Class 10,General,First Language (Regional/Hindi),te,0,200,200,PATTERN_PENDING,ZERO_OBJECTIVE
Telangana,bsetg-board,Class 10,General,First Language (Regional/Hindi),en,0,200,200,PATTERN_PENDING,ZERO_OBJECTIVE
Telangana,bsetg-board,Class 12,Science,Physics,te,0,200,200,PATTERN_PENDING,ZERO_OBJECTIVE
Telangana,bsetg-board,Class 12,Science,Physics,en,0,200,200,PATTERN_PENDING,ZERO_OBJECTIVE
Telangana,bsetg-board,Class 12,Science,Chemistry,te,0,200,200,PATTERN_PENDING,ZERO_OBJECTIVE
Telangana,bsetg-board,Class 12,Science,Chemistry,en,0,200,200,PATTERN_PENDING,ZERO_OBJECTIVE
Telangana,bsetg-board,Class 12,Science,Higher Mathematics,te,0,200,200,PATTERN_PENDING,ZERO_OBJECTIVE
Telangana,bsetg-board,Class 12,Science,Higher Mathematics,en,0,200,200,PATTERN_PENDING,ZERO_OBJECTIVE
Telangana,bsetg-board,Class 12,Science,Biology,te,0,200,200,PATTERN_PENDING,ZERO_OBJECTIVE
Telangana,bsetg-board,Class 12,Science,Biology,en,0,200,200,PATTERN_PENDING,ZERO_OBJECTIVE
Telangana,bsetg-board,Class 12,Commerce,Accountancy,te,0,200,200,PATTERN_PENDING,ZERO_OBJECTIVE
Telangana,bsetg-board,Class 12,Commerce,Accountancy,en,0,200,200,PATTERN_PENDING,ZERO_OBJECTIVE
Telangana,bsetg-board,Class 12,Commerce,Business Studies,te,0,200,200,PATTERN_PENDING,ZERO_OBJECTIVE
Telangana,bsetg-board,Class 12,Commerce,Business Studies,en,0,200,200,PATTERN_PENDING,ZERO_OBJECTIVE
Telangana,bsetg-board,Class 12,Commerce,Economics,te,0,200,200,PATTERN_PENDING,ZERO_OBJECTIVE
Telangana,bsetg-board,Class 12,Commerce,Economics,en,0,200,200,PATTERN_PENDING,ZERO_OBJECTIVE
"Andaman and Nicobar Islands; Arunachal Pradesh; Chandigarh; Delhi (NCT); Sikkim",cbse-board,Class 10,General,Mathematics,en,0,200,200,PATTERN_PENDING,ZERO_OBJECTIVE
"Andaman and Nicobar Islands; Arunachal Pradesh; Chandigarh; Delhi (NCT); Sikkim",cbse-board,Class 10,General,Mathematics,hi,0,200,200,PATTERN_PENDING,ZERO_OBJECTIVE
"Andaman and Nicobar Islands; Arunachal Pradesh; Chandigarh; Delhi (NCT); Sikkim",cbse-board,Class 10,General,Science & Technology,en,11563,200,0,PATTERN_VERIFIED,DEPTH_SATISFIED
"Andaman and Nicobar Islands; Arunachal Pradesh; Chandigarh; Delhi (NCT); Sikkim",cbse-board,Class 10,General,Science & Technology,hi,11563,200,0,PATTERN_VERIFIED,DEPTH_SATISFIED
"Andaman and Nicobar Islands; Arunachal Pradesh; Chandigarh; Delhi (NCT); Sikkim",cbse-board,Class 10,General,Social Science,en,3414,200,0,PATTERN_VERIFIED,DEPTH_SATISFIED
"Andaman and Nicobar Islands; Arunachal Pradesh; Chandigarh; Delhi (NCT); Sikkim",cbse-board,Class 10,General,Social Science,hi,3414,200,0,PATTERN_VERIFIED,DEPTH_SATISFIED
"Andaman and Nicobar Islands; Arunachal Pradesh; Chandigarh; Delhi (NCT); Sikkim",cbse-board,Class 10,General,English Language & Literature,en,0,200,200,PATTERN_PENDING,ZERO_OBJECTIVE
"Andaman and Nicobar Islands; Arunachal Pradesh; Chandigarh; Delhi (NCT); Sikkim",cbse-board,Class 10,General,English Language & Literature,hi,0,200,200,PATTERN_PENDING,ZERO_OBJECTIVE
"Andaman and Nicobar Islands; Arunachal Pradesh; Chandigarh; Delhi (NCT); Sikkim",cbse-board,Class 10,General,First Language (Regional/Hindi),en,450,200,0,PATTERN_VERIFIED,DEPTH_SATISFIED
"Andaman and Nicobar Islands; Arunachal Pradesh; Chandigarh; Delhi (NCT); Sikkim",cbse-board,Class 10,General,First Language (Regional/Hindi),hi,450,200,0,PATTERN_VERIFIED,DEPTH_SATISFIED
"Andaman and Nicobar Islands; Arunachal Pradesh; Chandigarh; Delhi (NCT); Sikkim",cbse-board,Class 12,Science,Physics,en,0,200,200,PATTERN_PENDING,ZERO_OBJECTIVE
"Andaman and Nicobar Islands; Arunachal Pradesh; Chandigarh; Delhi (NCT); Sikkim",cbse-board,Class 12,Science,Physics,hi,0,200,200,PATTERN_PENDING,ZERO_OBJECTIVE
"Andaman and Nicobar Islands; Arunachal Pradesh; Chandigarh; Delhi (NCT); Sikkim",cbse-board,Class 12,Science,Chemistry,en,0,200,200,PATTERN_PENDING,ZERO_OBJECTIVE
"Andaman and Nicobar Islands; Arunachal Pradesh; Chandigarh; Delhi (NCT); Sikkim",cbse-board,Class 12,Science,Chemistry,hi,0,200,200,PATTERN_PENDING,ZERO_OBJECTIVE
"Andaman and Nicobar Islands; Arunachal Pradesh; Chandigarh; Delhi (NCT); Sikkim",cbse-board,Class 12,Science,Higher Mathematics,en,1467,200,0,PATTERN_VERIFIED,DEPTH_SATISFIED
"Andaman and Nicobar Islands; Arunachal Pradesh; Chandigarh; Delhi (NCT); Sikkim",cbse-board,Class 12,Science,Higher Mathematics,hi,1467,200,0,PATTERN_VERIFIED,DEPTH_SATISFIED
"Andaman and Nicobar Islands; Arunachal Pradesh; Chandigarh; Delhi (NCT); Sikkim",cbse-board,Class 12,Science,Biology,en,0,200,200,PATTERN_PENDING,ZERO_OBJECTIVE
"Andaman and Nicobar Islands; Arunachal Pradesh; Chandigarh; Delhi (NCT); Sikkim",cbse-board,Class 12,Science,Biology,hi,0,200,200,PATTERN_PENDING,ZERO_OBJECTIVE
"Andaman and Nicobar Islands; Arunachal Pradesh; Chandigarh; Delhi (NCT); Sikkim",cbse-board,Class 12,Commerce,Accountancy,en,400,200,0,PATTERN_VERIFIED,DEPTH_SATISFIED
"Andaman and Nicobar Islands; Arunachal Pradesh; Chandigarh; Delhi (NCT); Sikkim",cbse-board,Class 12,Commerce,Accountancy,hi,400,200,0,PATTERN_VERIFIED,DEPTH_SATISFIED
"Andaman and Nicobar Islands; Arunachal Pradesh; Chandigarh; Delhi (NCT); Sikkim",cbse-board,Class 12,Commerce,Business Studies,en,200,200,0,PATTERN_VERIFIED,DEPTH_SATISFIED
"Andaman and Nicobar Islands; Arunachal Pradesh; Chandigarh; Delhi (NCT); Sikkim",cbse-board,Class 12,Commerce,Business Studies,hi,200,200,0,PATTERN_VERIFIED,DEPTH_SATISFIED
"Andaman and Nicobar Islands; Arunachal Pradesh; Chandigarh; Delhi (NCT); Sikkim",cbse-board,Class 12,Commerce,Economics,en,0,200,200,PATTERN_PENDING,ZERO_OBJECTIVE
"Andaman and Nicobar Islands; Arunachal Pradesh; Chandigarh; Delhi (NCT); Sikkim",cbse-board,Class 12,Commerce,Economics,hi,0,200,200,PATTERN_PENDING,ZERO_OBJECTIVE
Chhattisgarh,cgbse-chhattisgarh,Class 10,General,Mathematics,hi,0,200,200,PATTERN_PENDING,ZERO_OBJECTIVE
Chhattisgarh,cgbse-chhattisgarh,Class 10,General,Mathematics,en,0,200,200,PATTERN_PENDING,ZERO_OBJECTIVE
Chhattisgarh,cgbse-chhattisgarh,Class 10,General,Science & Technology,hi,0,200,200,PATTERN_PENDING,ZERO_OBJECTIVE
Chhattisgarh,cgbse-chhattisgarh,Class 10,General,Science & Technology,en,0,200,200,PATTERN_PENDING,ZERO_OBJECTIVE
Chhattisgarh,cgbse-chhattisgarh,Class 10,General,Social Science,hi,0,200,200,PATTERN_PENDING,ZERO_OBJECTIVE
Chhattisgarh,cgbse-chhattisgarh,Class 10,General,Social Science,en,0,200,200,PATTERN_PENDING,ZERO_OBJECTIVE
Chhattisgarh,cgbse-chhattisgarh,Class 10,General,English Language & Literature,hi,0,200,200,PATTERN_PENDING,ZERO_OBJECTIVE
Chhattisgarh,cgbse-chhattisgarh,Class 10,General,English Language & Literature,en,0,200,200,PATTERN_PENDING,ZERO_OBJECTIVE
Chhattisgarh,cgbse-chhattisgarh,Class 10,General,First Language (Regional/Hindi),hi,0,200,200,PATTERN_PENDING,ZERO_OBJECTIVE
Chhattisgarh,cgbse-chhattisgarh,Class 10,General,First Language (Regional/Hindi),en,0,200,200,PATTERN_PENDING,ZERO_OBJECTIVE
Chhattisgarh,cgbse-chhattisgarh,Class 12,Science,Physics,hi,0,200,200,PATTERN_PENDING,ZERO_OBJECTIVE
Chhattisgarh,cgbse-chhattisgarh,Class 12,Science,Physics,en,0,200,200,PATTERN_PENDING,ZERO_OBJECTIVE
Chhattisgarh,cgbse-chhattisgarh,Class 12,Science,Chemistry,hi,0,200,200,PATTERN_PENDING,ZERO_OBJECTIVE
Chhattisgarh,cgbse-chhattisgarh,Class 12,Science,Chemistry,en,0,200,200,PATTERN_PENDING,ZERO_OBJECTIVE
Chhattisgarh,cgbse-chhattisgarh,Class 12,Science,Higher Mathematics,hi,0,200,200,PATTERN_PENDING,ZERO_OBJECTIVE
Chhattisgarh,cgbse-chhattisgarh,Class 12,Science,Higher Mathematics,en,0,200,200,PATTERN_PENDING,ZERO_OBJECTIVE
Chhattisgarh,cgbse-chhattisgarh,Class 12,Science,Biology,hi,0,200,200,PATTERN_PENDING,ZERO_OBJECTIVE
Chhattisgarh,cgbse-chhattisgarh,Class 12,Science,Biology,en,0,200,200,PATTERN_PENDING,ZERO_OBJECTIVE
Chhattisgarh,cgbse-chhattisgarh,Class 12,Commerce,Accountancy,hi,0,200,200,PATTERN_PENDING,ZERO_OBJECTIVE
Chhattisgarh,cgbse-chhattisgarh,Class 12,Commerce,Accountancy,en,0,200,200,PATTERN_PENDING,ZERO_OBJECTIVE
Chhattisgarh,cgbse-chhattisgarh,Class 12,Commerce,Business Studies,hi,0,200,200,PATTERN_PENDING,ZERO_OBJECTIVE
Chhattisgarh,cgbse-chhattisgarh,Class 12,Commerce,Business Studies,en,0,200,200,PATTERN_PENDING,ZERO_OBJECTIVE
Chhattisgarh,cgbse-chhattisgarh,Class 12,Commerce,Economics,hi,0,200,200,PATTERN_PENDING,ZERO_OBJECTIVE
Chhattisgarh,cgbse-chhattisgarh,Class 12,Commerce,Economics,en,0,200,200,PATTERN_PENDING,ZERO_OBJECTIVE
Odisha,chse-bse-odisha,Class 10,General,Mathematics,or,0,200,200,PATTERN_PENDING,ZERO_OBJECTIVE
Odisha,chse-bse-odisha,Class 10,General,Mathematics,en,0,200,200,PATTERN_PENDING,ZERO_OBJECTIVE
Odisha,chse-bse-odisha,Class 10,General,Science & Technology,or,0,200,200,PATTERN_PENDING,ZERO_OBJECTIVE
Odisha,chse-bse-odisha,Class 10,General,Science & Technology,en,0,200,200,PATTERN_PENDING,ZERO_OBJECTIVE
Odisha,chse-bse-odisha,Class 10,General,Social Science,or,0,200,200,PATTERN_PENDING,ZERO_OBJECTIVE
Odisha,chse-bse-odisha,Class 10,General,Social Science,en,0,200,200,PATTERN_PENDING,ZERO_OBJECTIVE
Odisha,chse-bse-odisha,Class 10,General,English Language & Literature,or,0,200,200,PATTERN_PENDING,ZERO_OBJECTIVE
Odisha,chse-bse-odisha,Class 10,General,English Language & Literature,en,0,200,200,PATTERN_PENDING,ZERO_OBJECTIVE
Odisha,chse-bse-odisha,Class 10,General,First Language (Regional/Hindi),or,0,200,200,PATTERN_PENDING,ZERO_OBJECTIVE
Odisha,chse-bse-odisha,Class 10,General,First Language (Regional/Hindi),en,0,200,200,PATTERN_PENDING,ZERO_OBJECTIVE
Odisha,chse-bse-odisha,Class 12,Science,Physics,or,0,200,200,PATTERN_PENDING,ZERO_OBJECTIVE
Odisha,chse-bse-odisha,Class 12,Science,Physics,en,0,200,200,PATTERN_PENDING,ZERO_OBJECTIVE
Odisha,chse-bse-odisha,Class 12,Science,Chemistry,or,0,200,200,PATTERN_PENDING,ZERO_OBJECTIVE
Odisha,chse-bse-odisha,Class 12,Science,Chemistry,en,0,200,200,PATTERN_PENDING,ZERO_OBJECTIVE
Odisha,chse-bse-odisha,Class 12,Science,Higher Mathematics,or,0,200,200,PATTERN_PENDING,ZERO_OBJECTIVE
Odisha,chse-bse-odisha,Class 12,Science,Higher Mathematics,en,0,200,200,PATTERN_PENDING,ZERO_OBJECTIVE
Odisha,chse-bse-odisha,Class 12,Science,Biology,or,0,200,200,PATTERN_PENDING,ZERO_OBJECTIVE
Odisha,chse-bse-odisha,Class 12,Science,Biology,en,0,200,200,PATTERN_PENDING,ZERO_OBJECTIVE
Odisha,chse-bse-odisha,Class 12,Commerce,Accountancy,or,0,200,200,PATTERN_PENDING,ZERO_OBJECTIVE
Odisha,chse-bse-odisha,Class 12,Commerce,Accountancy,en,0,200,200,PATTERN_PENDING,ZERO_OBJECTIVE
Odisha,chse-bse-odisha,Class 12,Commerce,Business Studies,or,0,200,200,PATTERN_PENDING,ZERO_OBJECTIVE
Odisha,chse-bse-odisha,Class 12,Commerce,Business Studies,en,0,200,200,PATTERN_PENDING,ZERO_OBJECTIVE
Odisha,chse-bse-odisha,Class 12,Commerce,Economics,or,0,200,200,PATTERN_PENDING,ZERO_OBJECTIVE
Odisha,chse-bse-odisha,Class 12,Commerce,Economics,en,0,200,200,PATTERN_PENDING,ZERO_OBJECTIVE
Goa,gbshse-board,Class 10,General,Mathematics,en,0,200,200,PATTERN_PENDING,ZERO_OBJECTIVE
Goa,gbshse-board,Class 10,General,Mathematics,mr,0,200,200,PATTERN_PENDING,ZERO_OBJECTIVE
Goa,gbshse-board,Class 10,General,Mathematics,kok,0,200,200,PATTERN_PENDING,ZERO_OBJECTIVE
Goa,gbshse-board,Class 10,General,Science & Technology,en,0,200,200,PATTERN_PENDING,ZERO_OBJECTIVE
Goa,gbshse-board,Class 10,General,Science & Technology,mr,0,200,200,PATTERN_PENDING,ZERO_OBJECTIVE
Goa,gbshse-board,Class 10,General,Science & Technology,kok,0,200,200,PATTERN_PENDING,ZERO_OBJECTIVE
Goa,gbshse-board,Class 10,General,Social Science,en,0,200,200,PATTERN_PENDING,ZERO_OBJECTIVE
Goa,gbshse-board,Class 10,General,Social Science,mr,0,200,200,PATTERN_PENDING,ZERO_OBJECTIVE
Goa,gbshse-board,Class 10,General,Social Science,kok,0,200,200,PATTERN_PENDING,ZERO_OBJECTIVE
Goa,gbshse-board,Class 10,General,English Language & Literature,en,0,200,200,PATTERN_PENDING,ZERO_OBJECTIVE
Goa,gbshse-board,Class 10,General,English Language & Literature,mr,0,200,200,PATTERN_PENDING,ZERO_OBJECTIVE
Goa,gbshse-board,Class 10,General,English Language & Literature,kok,0,200,200,PATTERN_PENDING,ZERO_OBJECTIVE
Goa,gbshse-board,Class 10,General,First Language (Regional/Hindi),en,0,200,200,PATTERN_PENDING,ZERO_OBJECTIVE
Goa,gbshse-board,Class 10,General,First Language (Regional/Hindi),mr,0,200,200,PATTERN_PENDING,ZERO_OBJECTIVE
Goa,gbshse-board,Class 10,General,First Language (Regional/Hindi),kok,0,200,200,PATTERN_PENDING,ZERO_OBJECTIVE
Goa,gbshse-board,Class 12,Science,Physics,en,0,200,200,PATTERN_PENDING,ZERO_OBJECTIVE
Goa,gbshse-board,Class 12,Science,Physics,mr,0,200,200,PATTERN_PENDING,ZERO_OBJECTIVE
Goa,gbshse-board,Class 12,Science,Physics,kok,0,200,200,PATTERN_PENDING,ZERO_OBJECTIVE
Goa,gbshse-board,Class 12,Science,Chemistry,en,0,200,200,PATTERN_PENDING,ZERO_OBJECTIVE
Goa,gbshse-board,Class 12,Science,Chemistry,mr,0,200,200,PATTERN_PENDING,ZERO_OBJECTIVE
Goa,gbshse-board,Class 12,Science,Chemistry,kok,0,200,200,PATTERN_PENDING,ZERO_OBJECTIVE
Goa,gbshse-board,Class 12,Science,Higher Mathematics,en,0,200,200,PATTERN_PENDING,ZERO_OBJECTIVE
Goa,gbshse-board,Class 12,Science,Higher Mathematics,mr,0,200,200,PATTERN_PENDING,ZERO_OBJECTIVE
Goa,gbshse-board,Class 12,Science,Higher Mathematics,kok,0,200,200,PATTERN_PENDING,ZERO_OBJECTIVE
Goa,gbshse-board,Class 12,Science,Biology,en,0,200,200,PATTERN_PENDING,ZERO_OBJECTIVE
Goa,gbshse-board,Class 12,Science,Biology,mr,0,200,200,PATTERN_PENDING,ZERO_OBJECTIVE
Goa,gbshse-board,Class 12,Science,Biology,kok,0,200,200,PATTERN_PENDING,ZERO_OBJECTIVE
Goa,gbshse-board,Class 12,Commerce,Accountancy,en,0,200,200,PATTERN_PENDING,ZERO_OBJECTIVE
Goa,gbshse-board,Class 12,Commerce,Accountancy,mr,0,200,200,PATTERN_PENDING,ZERO_OBJECTIVE
Goa,gbshse-board,Class 12,Commerce,Accountancy,kok,0,200,200,PATTERN_PENDING,ZERO_OBJECTIVE
Goa,gbshse-board,Class 12,Commerce,Business Studies,en,0,200,200,PATTERN_PENDING,ZERO_OBJECTIVE
Goa,gbshse-board,Class 12,Commerce,Business Studies,mr,0,200,200,PATTERN_PENDING,ZERO_OBJECTIVE
Goa,gbshse-board,Class 12,Commerce,Business Studies,kok,0,200,200,PATTERN_PENDING,ZERO_OBJECTIVE
Goa,gbshse-board,Class 12,Commerce,Economics,en,0,200,200,PATTERN_PENDING,ZERO_OBJECTIVE
Goa,gbshse-board,Class 12,Commerce,Economics,mr,0,200,200,PATTERN_PENDING,ZERO_OBJECTIVE
Goa,gbshse-board,Class 12,Commerce,Economics,kok,0,200,200,PATTERN_PENDING,ZERO_OBJECTIVE
"Dadra & Nagar Haveli and Daman & Diu; Gujarat",gseb-gujarat,Class 10,General,Mathematics,gu,0,200,200,PATTERN_PENDING,ZERO_OBJECTIVE
"Dadra & Nagar Haveli and Daman & Diu; Gujarat",gseb-gujarat,Class 10,General,Mathematics,en,0,200,200,PATTERN_PENDING,ZERO_OBJECTIVE
"Dadra & Nagar Haveli and Daman & Diu; Gujarat",gseb-gujarat,Class 10,General,Mathematics,hi,0,200,200,PATTERN_PENDING,ZERO_OBJECTIVE
"Dadra & Nagar Haveli and Daman & Diu; Gujarat",gseb-gujarat,Class 10,General,Science & Technology,gu,0,200,200,PATTERN_PENDING,ZERO_OBJECTIVE
"Dadra & Nagar Haveli and Daman & Diu; Gujarat",gseb-gujarat,Class 10,General,Science & Technology,en,0,200,200,PATTERN_PENDING,ZERO_OBJECTIVE
"Dadra & Nagar Haveli and Daman & Diu; Gujarat",gseb-gujarat,Class 10,General,Science & Technology,hi,0,200,200,PATTERN_PENDING,ZERO_OBJECTIVE
"Dadra & Nagar Haveli and Daman & Diu; Gujarat",gseb-gujarat,Class 10,General,Social Science,gu,0,200,200,PATTERN_PENDING,ZERO_OBJECTIVE
"Dadra & Nagar Haveli and Daman & Diu; Gujarat",gseb-gujarat,Class 10,General,Social Science,en,0,200,200,PATTERN_PENDING,ZERO_OBJECTIVE
"Dadra & Nagar Haveli and Daman & Diu; Gujarat",gseb-gujarat,Class 10,General,Social Science,hi,0,200,200,PATTERN_PENDING,ZERO_OBJECTIVE
"Dadra & Nagar Haveli and Daman & Diu; Gujarat",gseb-gujarat,Class 10,General,English Language & Literature,gu,0,200,200,PATTERN_PENDING,ZERO_OBJECTIVE
"Dadra & Nagar Haveli and Daman & Diu; Gujarat",gseb-gujarat,Class 10,General,English Language & Literature,en,0,200,200,PATTERN_PENDING,ZERO_OBJECTIVE
"Dadra & Nagar Haveli and Daman & Diu; Gujarat",gseb-gujarat,Class 10,General,English Language & Literature,hi,0,200,200,PATTERN_PENDING,ZERO_OBJECTIVE
"Dadra & Nagar Haveli and Daman & Diu; Gujarat",gseb-gujarat,Class 10,General,First Language (Regional/Hindi),gu,0,200,200,PATTERN_PENDING,ZERO_OBJECTIVE
"Dadra & Nagar Haveli and Daman & Diu; Gujarat",gseb-gujarat,Class 10,General,First Language (Regional/Hindi),en,0,200,200,PATTERN_PENDING,ZERO_OBJECTIVE
"Dadra & Nagar Haveli and Daman & Diu; Gujarat",gseb-gujarat,Class 10,General,First Language (Regional/Hindi),hi,0,200,200,PATTERN_PENDING,ZERO_OBJECTIVE
"Dadra & Nagar Haveli and Daman & Diu; Gujarat",gseb-gujarat,Class 12,Science,Physics,gu,0,200,200,PATTERN_PENDING,ZERO_OBJECTIVE
"Dadra & Nagar Haveli and Daman & Diu; Gujarat",gseb-gujarat,Class 12,Science,Physics,en,0,200,200,PATTERN_PENDING,ZERO_OBJECTIVE
"Dadra & Nagar Haveli and Daman & Diu; Gujarat",gseb-gujarat,Class 12,Science,Physics,hi,0,200,200,PATTERN_PENDING,ZERO_OBJECTIVE
"Dadra & Nagar Haveli and Daman & Diu; Gujarat",gseb-gujarat,Class 12,Science,Chemistry,gu,0,200,200,PATTERN_PENDING,ZERO_OBJECTIVE
"Dadra & Nagar Haveli and Daman & Diu; Gujarat",gseb-gujarat,Class 12,Science,Chemistry,en,0,200,200,PATTERN_PENDING,ZERO_OBJECTIVE
"Dadra & Nagar Haveli and Daman & Diu; Gujarat",gseb-gujarat,Class 12,Science,Chemistry,hi,0,200,200,PATTERN_PENDING,ZERO_OBJECTIVE
"Dadra & Nagar Haveli and Daman & Diu; Gujarat",gseb-gujarat,Class 12,Science,Higher Mathematics,gu,0,200,200,PATTERN_PENDING,ZERO_OBJECTIVE
"Dadra & Nagar Haveli and Daman & Diu; Gujarat",gseb-gujarat,Class 12,Science,Higher Mathematics,en,0,200,200,PATTERN_PENDING,ZERO_OBJECTIVE
"Dadra & Nagar Haveli and Daman & Diu; Gujarat",gseb-gujarat,Class 12,Science,Higher Mathematics,hi,0,200,200,PATTERN_PENDING,ZERO_OBJECTIVE
"Dadra & Nagar Haveli and Daman & Diu; Gujarat",gseb-gujarat,Class 12,Science,Biology,gu,0,200,200,PATTERN_PENDING,ZERO_OBJECTIVE
"Dadra & Nagar Haveli and Daman & Diu; Gujarat",gseb-gujarat,Class 12,Science,Biology,en,0,200,200,PATTERN_PENDING,ZERO_OBJECTIVE
"Dadra & Nagar Haveli and Daman & Diu; Gujarat",gseb-gujarat,Class 12,Science,Biology,hi,0,200,200,PATTERN_PENDING,ZERO_OBJECTIVE
"Dadra & Nagar Haveli and Daman & Diu; Gujarat",gseb-gujarat,Class 12,Commerce,Accountancy,gu,0,200,200,PATTERN_PENDING,ZERO_OBJECTIVE
"Dadra & Nagar Haveli and Daman & Diu; Gujarat",gseb-gujarat,Class 12,Commerce,Accountancy,en,0,200,200,PATTERN_PENDING,ZERO_OBJECTIVE
"Dadra & Nagar Haveli and Daman & Diu; Gujarat",gseb-gujarat,Class 12,Commerce,Accountancy,hi,0,200,200,PATTERN_PENDING,ZERO_OBJECTIVE
"Dadra & Nagar Haveli and Daman & Diu; Gujarat",gseb-gujarat,Class 12,Commerce,Business Studies,gu,0,200,200,PATTERN_PENDING,ZERO_OBJECTIVE
"Dadra & Nagar Haveli and Daman & Diu; Gujarat",gseb-gujarat,Class 12,Commerce,Business Studies,en,0,200,200,PATTERN_PENDING,ZERO_OBJECTIVE
"Dadra & Nagar Haveli and Daman & Diu; Gujarat",gseb-gujarat,Class 12,Commerce,Business Studies,hi,0,200,200,PATTERN_PENDING,ZERO_OBJECTIVE
"Dadra & Nagar Haveli and Daman & Diu; Gujarat",gseb-gujarat,Class 12,Commerce,Economics,gu,0,200,200,PATTERN_PENDING,ZERO_OBJECTIVE
"Dadra & Nagar Haveli and Daman & Diu; Gujarat",gseb-gujarat,Class 12,Commerce,Economics,en,0,200,200,PATTERN_PENDING,ZERO_OBJECTIVE
"Dadra & Nagar Haveli and Daman & Diu; Gujarat",gseb-gujarat,Class 12,Commerce,Economics,hi,0,200,200,PATTERN_PENDING,ZERO_OBJECTIVE
Himachal Pradesh,hpbose-board,Class 10,General,Mathematics,hi,0,200,200,PATTERN_PENDING,ZERO_OBJECTIVE
Himachal Pradesh,hpbose-board,Class 10,General,Mathematics,en,0,200,200,PATTERN_PENDING,ZERO_OBJECTIVE
Himachal Pradesh,hpbose-board,Class 10,General,Science & Technology,hi,0,200,200,PATTERN_PENDING,ZERO_OBJECTIVE
Himachal Pradesh,hpbose-board,Class 10,General,Science & Technology,en,0,200,200,PATTERN_PENDING,ZERO_OBJECTIVE
Himachal Pradesh,hpbose-board,Class 10,General,Social Science,hi,0,200,200,PATTERN_PENDING,ZERO_OBJECTIVE
Himachal Pradesh,hpbose-board,Class 10,General,Social Science,en,0,200,200,PATTERN_PENDING,ZERO_OBJECTIVE
Himachal Pradesh,hpbose-board,Class 10,General,English Language & Literature,hi,0,200,200,PATTERN_PENDING,ZERO_OBJECTIVE
Himachal Pradesh,hpbose-board,Class 10,General,English Language & Literature,en,0,200,200,PATTERN_PENDING,ZERO_OBJECTIVE
Himachal Pradesh,hpbose-board,Class 10,General,First Language (Regional/Hindi),hi,0,200,200,PATTERN_PENDING,ZERO_OBJECTIVE
Himachal Pradesh,hpbose-board,Class 10,General,First Language (Regional/Hindi),en,0,200,200,PATTERN_PENDING,ZERO_OBJECTIVE
Himachal Pradesh,hpbose-board,Class 12,Science,Physics,hi,0,200,200,PATTERN_PENDING,ZERO_OBJECTIVE
Himachal Pradesh,hpbose-board,Class 12,Science,Physics,en,0,200,200,PATTERN_PENDING,ZERO_OBJECTIVE
Himachal Pradesh,hpbose-board,Class 12,Science,Chemistry,hi,0,200,200,PATTERN_PENDING,ZERO_OBJECTIVE
Himachal Pradesh,hpbose-board,Class 12,Science,Chemistry,en,0,200,200,PATTERN_PENDING,ZERO_OBJECTIVE
Himachal Pradesh,hpbose-board,Class 12,Science,Higher Mathematics,hi,0,200,200,PATTERN_PENDING,ZERO_OBJECTIVE
Himachal Pradesh,hpbose-board,Class 12,Science,Higher Mathematics,en,0,200,200,PATTERN_PENDING,ZERO_OBJECTIVE
Himachal Pradesh,hpbose-board,Class 12,Science,Biology,hi,0,200,200,PATTERN_PENDING,ZERO_OBJECTIVE
Himachal Pradesh,hpbose-board,Class 12,Science,Biology,en,0,200,200,PATTERN_PENDING,ZERO_OBJECTIVE
Himachal Pradesh,hpbose-board,Class 12,Commerce,Accountancy,hi,0,200,200,PATTERN_PENDING,ZERO_OBJECTIVE
Himachal Pradesh,hpbose-board,Class 12,Commerce,Accountancy,en,0,200,200,PATTERN_PENDING,ZERO_OBJECTIVE
Himachal Pradesh,hpbose-board,Class 12,Commerce,Business Studies,hi,0,200,200,PATTERN_PENDING,ZERO_OBJECTIVE
Himachal Pradesh,hpbose-board,Class 12,Commerce,Business Studies,en,0,200,200,PATTERN_PENDING,ZERO_OBJECTIVE
Himachal Pradesh,hpbose-board,Class 12,Commerce,Economics,hi,0,200,200,PATTERN_PENDING,ZERO_OBJECTIVE
Himachal Pradesh,hpbose-board,Class 12,Commerce,Economics,en,0,200,200,PATTERN_PENDING,ZERO_OBJECTIVE
National,icse-cisce,Class 10,General,Mathematics,en,0,200,200,PATTERN_PENDING,ZERO_OBJECTIVE
National,icse-cisce,Class 10,General,Science & Technology,en,0,200,200,PATTERN_PENDING,ZERO_OBJECTIVE
National,icse-cisce,Class 10,General,Social Science,en,0,200,200,PATTERN_PENDING,ZERO_OBJECTIVE
National,icse-cisce,Class 10,General,English Language & Literature,en,0,200,200,PATTERN_PENDING,ZERO_OBJECTIVE
National,icse-cisce,Class 10,General,First Language (Regional/Hindi),en,0,200,200,PATTERN_PENDING,ZERO_OBJECTIVE
National,icse-cisce,Class 12,Science,Physics,en,0,200,200,PATTERN_PENDING,ZERO_OBJECTIVE
National,icse-cisce,Class 12,Science,Chemistry,en,0,200,200,PATTERN_PENDING,ZERO_OBJECTIVE
National,icse-cisce,Class 12,Science,Higher Mathematics,en,0,200,200,PATTERN_PENDING,ZERO_OBJECTIVE
National,icse-cisce,Class 12,Science,Biology,en,0,200,200,PATTERN_PENDING,ZERO_OBJECTIVE
National,icse-cisce,Class 12,Commerce,Accountancy,en,0,200,200,PATTERN_PENDING,ZERO_OBJECTIVE
National,icse-cisce,Class 12,Commerce,Business Studies,en,0,200,200,PATTERN_PENDING,ZERO_OBJECTIVE
National,icse-cisce,Class 12,Commerce,Economics,en,0,200,200,PATTERN_PENDING,ZERO_OBJECTIVE
Jharkhand,jac-jharkhand,Class 10,General,Mathematics,hi,0,200,200,PATTERN_PENDING,ZERO_OBJECTIVE
Jharkhand,jac-jharkhand,Class 10,General,Mathematics,en,0,200,200,PATTERN_PENDING,ZERO_OBJECTIVE
Jharkhand,jac-jharkhand,Class 10,General,Science & Technology,hi,0,200,200,PATTERN_PENDING,ZERO_OBJECTIVE
Jharkhand,jac-jharkhand,Class 10,General,Science & Technology,en,0,200,200,PATTERN_PENDING,ZERO_OBJECTIVE
Jharkhand,jac-jharkhand,Class 10,General,Social Science,hi,0,200,200,PATTERN_PENDING,ZERO_OBJECTIVE
Jharkhand,jac-jharkhand,Class 10,General,Social Science,en,0,200,200,PATTERN_PENDING,ZERO_OBJECTIVE
Jharkhand,jac-jharkhand,Class 10,General,English Language & Literature,hi,0,200,200,PATTERN_PENDING,ZERO_OBJECTIVE
Jharkhand,jac-jharkhand,Class 10,General,English Language & Literature,en,0,200,200,PATTERN_PENDING,ZERO_OBJECTIVE
Jharkhand,jac-jharkhand,Class 10,General,First Language (Regional/Hindi),hi,0,200,200,PATTERN_PENDING,ZERO_OBJECTIVE
Jharkhand,jac-jharkhand,Class 10,General,First Language (Regional/Hindi),en,0,200,200,PATTERN_PENDING,ZERO_OBJECTIVE
Jharkhand,jac-jharkhand,Class 12,Science,Physics,hi,0,200,200,PATTERN_PENDING,ZERO_OBJECTIVE
Jharkhand,jac-jharkhand,Class 12,Science,Physics,en,0,200,200,PATTERN_PENDING,ZERO_OBJECTIVE
Jharkhand,jac-jharkhand,Class 12,Science,Chemistry,hi,0,200,200,PATTERN_PENDING,ZERO_OBJECTIVE
Jharkhand,jac-jharkhand,Class 12,Science,Chemistry,en,0,200,200,PATTERN_PENDING,ZERO_OBJECTIVE
Jharkhand,jac-jharkhand,Class 12,Science,Higher Mathematics,hi,0,200,200,PATTERN_PENDING,ZERO_OBJECTIVE
Jharkhand,jac-jharkhand,Class 12,Science,Higher Mathematics,en,0,200,200,PATTERN_PENDING,ZERO_OBJECTIVE
Jharkhand,jac-jharkhand,Class 12,Science,Biology,hi,0,200,200,PATTERN_PENDING,ZERO_OBJECTIVE
Jharkhand,jac-jharkhand,Class 12,Science,Biology,en,0,200,200,PATTERN_PENDING,ZERO_OBJECTIVE
Jharkhand,jac-jharkhand,Class 12,Commerce,Accountancy,hi,0,200,200,PATTERN_PENDING,ZERO_OBJECTIVE
Jharkhand,jac-jharkhand,Class 12,Commerce,Accountancy,en,0,200,200,PATTERN_PENDING,ZERO_OBJECTIVE
Jharkhand,jac-jharkhand,Class 12,Commerce,Business Studies,hi,0,200,200,PATTERN_PENDING,ZERO_OBJECTIVE
Jharkhand,jac-jharkhand,Class 12,Commerce,Business Studies,en,0,200,200,PATTERN_PENDING,ZERO_OBJECTIVE
Jharkhand,jac-jharkhand,Class 12,Commerce,Economics,hi,0,200,200,PATTERN_PENDING,ZERO_OBJECTIVE
Jharkhand,jac-jharkhand,Class 12,Commerce,Economics,en,0,200,200,PATTERN_PENDING,ZERO_OBJECTIVE
"Jammu and Kashmir; Ladakh",jkbose-board,Class 10,General,Mathematics,en,0,200,200,PATTERN_PENDING,ZERO_OBJECTIVE
"Jammu and Kashmir; Ladakh",jkbose-board,Class 10,General,Mathematics,ur,0,200,200,PATTERN_PENDING,ZERO_OBJECTIVE
"Jammu and Kashmir; Ladakh",jkbose-board,Class 10,General,Mathematics,hi,0,200,200,PATTERN_PENDING,ZERO_OBJECTIVE
"Jammu and Kashmir; Ladakh",jkbose-board,Class 10,General,Science & Technology,en,0,200,200,PATTERN_PENDING,ZERO_OBJECTIVE
"Jammu and Kashmir; Ladakh",jkbose-board,Class 10,General,Science & Technology,ur,0,200,200,PATTERN_PENDING,ZERO_OBJECTIVE
"Jammu and Kashmir; Ladakh",jkbose-board,Class 10,General,Science & Technology,hi,0,200,200,PATTERN_PENDING,ZERO_OBJECTIVE
"Jammu and Kashmir; Ladakh",jkbose-board,Class 10,General,Social Science,en,0,200,200,PATTERN_PENDING,ZERO_OBJECTIVE
"Jammu and Kashmir; Ladakh",jkbose-board,Class 10,General,Social Science,ur,0,200,200,PATTERN_PENDING,ZERO_OBJECTIVE
"Jammu and Kashmir; Ladakh",jkbose-board,Class 10,General,Social Science,hi,0,200,200,PATTERN_PENDING,ZERO_OBJECTIVE
"Jammu and Kashmir; Ladakh",jkbose-board,Class 10,General,English Language & Literature,en,0,200,200,PATTERN_PENDING,ZERO_OBJECTIVE
"Jammu and Kashmir; Ladakh",jkbose-board,Class 10,General,English Language & Literature,ur,0,200,200,PATTERN_PENDING,ZERO_OBJECTIVE
"Jammu and Kashmir; Ladakh",jkbose-board,Class 10,General,English Language & Literature,hi,0,200,200,PATTERN_PENDING,ZERO_OBJECTIVE
"Jammu and Kashmir; Ladakh",jkbose-board,Class 10,General,First Language (Regional/Hindi),en,0,200,200,PATTERN_PENDING,ZERO_OBJECTIVE
"Jammu and Kashmir; Ladakh",jkbose-board,Class 10,General,First Language (Regional/Hindi),ur,0,200,200,PATTERN_PENDING,ZERO_OBJECTIVE
"Jammu and Kashmir; Ladakh",jkbose-board,Class 10,General,First Language (Regional/Hindi),hi,0,200,200,PATTERN_PENDING,ZERO_OBJECTIVE
"Jammu and Kashmir; Ladakh",jkbose-board,Class 12,Science,Physics,en,0,200,200,PATTERN_PENDING,ZERO_OBJECTIVE
"Jammu and Kashmir; Ladakh",jkbose-board,Class 12,Science,Physics,ur,0,200,200,PATTERN_PENDING,ZERO_OBJECTIVE
"Jammu and Kashmir; Ladakh",jkbose-board,Class 12,Science,Physics,hi,0,200,200,PATTERN_PENDING,ZERO_OBJECTIVE
"Jammu and Kashmir; Ladakh",jkbose-board,Class 12,Science,Chemistry,en,0,200,200,PATTERN_PENDING,ZERO_OBJECTIVE
"Jammu and Kashmir; Ladakh",jkbose-board,Class 12,Science,Chemistry,ur,0,200,200,PATTERN_PENDING,ZERO_OBJECTIVE
"Jammu and Kashmir; Ladakh",jkbose-board,Class 12,Science,Chemistry,hi,0,200,200,PATTERN_PENDING,ZERO_OBJECTIVE
"Jammu and Kashmir; Ladakh",jkbose-board,Class 12,Science,Higher Mathematics,en,0,200,200,PATTERN_PENDING,ZERO_OBJECTIVE
"Jammu and Kashmir; Ladakh",jkbose-board,Class 12,Science,Higher Mathematics,ur,0,200,200,PATTERN_PENDING,ZERO_OBJECTIVE
"Jammu and Kashmir; Ladakh",jkbose-board,Class 12,Science,Higher Mathematics,hi,0,200,200,PATTERN_PENDING,ZERO_OBJECTIVE
"Jammu and Kashmir; Ladakh",jkbose-board,Class 12,Science,Biology,en,0,200,200,PATTERN_PENDING,ZERO_OBJECTIVE
"Jammu and Kashmir; Ladakh",jkbose-board,Class 12,Science,Biology,ur,0,200,200,PATTERN_PENDING,ZERO_OBJECTIVE
"Jammu and Kashmir; Ladakh",jkbose-board,Class 12,Science,Biology,hi,0,200,200,PATTERN_PENDING,ZERO_OBJECTIVE
"Jammu and Kashmir; Ladakh",jkbose-board,Class 12,Commerce,Accountancy,en,0,200,200,PATTERN_PENDING,ZERO_OBJECTIVE
"Jammu and Kashmir; Ladakh",jkbose-board,Class 12,Commerce,Accountancy,ur,0,200,200,PATTERN_PENDING,ZERO_OBJECTIVE
"Jammu and Kashmir; Ladakh",jkbose-board,Class 12,Commerce,Accountancy,hi,0,200,200,PATTERN_PENDING,ZERO_OBJECTIVE
"Jammu and Kashmir; Ladakh",jkbose-board,Class 12,Commerce,Business Studies,en,0,200,200,PATTERN_PENDING,ZERO_OBJECTIVE
"Jammu and Kashmir; Ladakh",jkbose-board,Class 12,Commerce,Business Studies,ur,0,200,200,PATTERN_PENDING,ZERO_OBJECTIVE
"Jammu and Kashmir; Ladakh",jkbose-board,Class 12,Commerce,Business Studies,hi,0,200,200,PATTERN_PENDING,ZERO_OBJECTIVE
"Jammu and Kashmir; Ladakh",jkbose-board,Class 12,Commerce,Economics,en,0,200,200,PATTERN_PENDING,ZERO_OBJECTIVE
"Jammu and Kashmir; Ladakh",jkbose-board,Class 12,Commerce,Economics,ur,0,200,200,PATTERN_PENDING,ZERO_OBJECTIVE
"Jammu and Kashmir; Ladakh",jkbose-board,Class 12,Commerce,Economics,hi,0,200,200,PATTERN_PENDING,ZERO_OBJECTIVE
"Kerala; Lakshadweep",kerala-board,Class 10,General,Mathematics,ml,0,200,200,PATTERN_PENDING,ZERO_OBJECTIVE
"Kerala; Lakshadweep",kerala-board,Class 10,General,Mathematics,en,0,200,200,PATTERN_PENDING,ZERO_OBJECTIVE
"Kerala; Lakshadweep",kerala-board,Class 10,General,Science & Technology,ml,0,200,200,PATTERN_PENDING,ZERO_OBJECTIVE
"Kerala; Lakshadweep",kerala-board,Class 10,General,Science & Technology,en,0,200,200,PATTERN_PENDING,ZERO_OBJECTIVE
"Kerala; Lakshadweep",kerala-board,Class 10,General,Social Science,ml,0,200,200,PATTERN_PENDING,ZERO_OBJECTIVE
"Kerala; Lakshadweep",kerala-board,Class 10,General,Social Science,en,0,200,200,PATTERN_PENDING,ZERO_OBJECTIVE
"Kerala; Lakshadweep",kerala-board,Class 10,General,English Language & Literature,ml,0,200,200,PATTERN_PENDING,ZERO_OBJECTIVE
"Kerala; Lakshadweep",kerala-board,Class 10,General,English Language & Literature,en,0,200,200,PATTERN_PENDING,ZERO_OBJECTIVE
"Kerala; Lakshadweep",kerala-board,Class 10,General,First Language (Regional/Hindi),ml,0,200,200,PATTERN_PENDING,ZERO_OBJECTIVE
"Kerala; Lakshadweep",kerala-board,Class 10,General,First Language (Regional/Hindi),en,0,200,200,PATTERN_PENDING,ZERO_OBJECTIVE
"Kerala; Lakshadweep",kerala-board,Class 12,Science,Physics,ml,0,200,200,PATTERN_PENDING,ZERO_OBJECTIVE
"Kerala; Lakshadweep",kerala-board,Class 12,Science,Physics,en,0,200,200,PATTERN_PENDING,ZERO_OBJECTIVE
"Kerala; Lakshadweep",kerala-board,Class 12,Science,Chemistry,ml,0,200,200,PATTERN_PENDING,ZERO_OBJECTIVE
"Kerala; Lakshadweep",kerala-board,Class 12,Science,Chemistry,en,0,200,200,PATTERN_PENDING,ZERO_OBJECTIVE
"Kerala; Lakshadweep",kerala-board,Class 12,Science,Higher Mathematics,ml,0,200,200,PATTERN_PENDING,ZERO_OBJECTIVE
"Kerala; Lakshadweep",kerala-board,Class 12,Science,Higher Mathematics,en,0,200,200,PATTERN_PENDING,ZERO_OBJECTIVE
"Kerala; Lakshadweep",kerala-board,Class 12,Science,Biology,ml,0,200,200,PATTERN_PENDING,ZERO_OBJECTIVE
"Kerala; Lakshadweep",kerala-board,Class 12,Science,Biology,en,0,200,200,PATTERN_PENDING,ZERO_OBJECTIVE
"Kerala; Lakshadweep",kerala-board,Class 12,Commerce,Accountancy,ml,0,200,200,PATTERN_PENDING,ZERO_OBJECTIVE
"Kerala; Lakshadweep",kerala-board,Class 12,Commerce,Accountancy,en,0,200,200,PATTERN_PENDING,ZERO_OBJECTIVE
"Kerala; Lakshadweep",kerala-board,Class 12,Commerce,Business Studies,ml,0,200,200,PATTERN_PENDING,ZERO_OBJECTIVE
"Kerala; Lakshadweep",kerala-board,Class 12,Commerce,Business Studies,en,0,200,200,PATTERN_PENDING,ZERO_OBJECTIVE
"Kerala; Lakshadweep",kerala-board,Class 12,Commerce,Economics,ml,0,200,200,PATTERN_PENDING,ZERO_OBJECTIVE
"Kerala; Lakshadweep",kerala-board,Class 12,Commerce,Economics,en,0,200,200,PATTERN_PENDING,ZERO_OBJECTIVE
Karnataka,kseab-karnataka,Class 10,General,Mathematics,kn,0,200,200,PATTERN_PENDING,ZERO_OBJECTIVE
Karnataka,kseab-karnataka,Class 10,General,Mathematics,en,0,200,200,PATTERN_PENDING,ZERO_OBJECTIVE
Karnataka,kseab-karnataka,Class 10,General,Science & Technology,kn,0,200,200,PATTERN_PENDING,ZERO_OBJECTIVE
Karnataka,kseab-karnataka,Class 10,General,Science & Technology,en,0,200,200,PATTERN_PENDING,ZERO_OBJECTIVE
Karnataka,kseab-karnataka,Class 10,General,Social Science,kn,0,200,200,PATTERN_PENDING,ZERO_OBJECTIVE
Karnataka,kseab-karnataka,Class 10,General,Social Science,en,0,200,200,PATTERN_PENDING,ZERO_OBJECTIVE
Karnataka,kseab-karnataka,Class 10,General,English Language & Literature,kn,0,200,200,PATTERN_PENDING,ZERO_OBJECTIVE
Karnataka,kseab-karnataka,Class 10,General,English Language & Literature,en,0,200,200,PATTERN_PENDING,ZERO_OBJECTIVE
Karnataka,kseab-karnataka,Class 10,General,First Language (Regional/Hindi),kn,0,200,200,PATTERN_PENDING,ZERO_OBJECTIVE
Karnataka,kseab-karnataka,Class 10,General,First Language (Regional/Hindi),en,0,200,200,PATTERN_PENDING,ZERO_OBJECTIVE
Karnataka,kseab-karnataka,Class 12,Science,Physics,kn,0,200,200,PATTERN_PENDING,ZERO_OBJECTIVE
Karnataka,kseab-karnataka,Class 12,Science,Physics,en,0,200,200,PATTERN_PENDING,ZERO_OBJECTIVE
Karnataka,kseab-karnataka,Class 12,Science,Chemistry,kn,0,200,200,PATTERN_PENDING,ZERO_OBJECTIVE
Karnataka,kseab-karnataka,Class 12,Science,Chemistry,en,0,200,200,PATTERN_PENDING,ZERO_OBJECTIVE
Karnataka,kseab-karnataka,Class 12,Science,Higher Mathematics,kn,0,200,200,PATTERN_PENDING,ZERO_OBJECTIVE
Karnataka,kseab-karnataka,Class 12,Science,Higher Mathematics,en,0,200,200,PATTERN_PENDING,ZERO_OBJECTIVE
Karnataka,kseab-karnataka,Class 12,Science,Biology,kn,0,200,200,PATTERN_PENDING,ZERO_OBJECTIVE
Karnataka,kseab-karnataka,Class 12,Science,Biology,en,0,200,200,PATTERN_PENDING,ZERO_OBJECTIVE
Karnataka,kseab-karnataka,Class 12,Commerce,Accountancy,kn,0,200,200,PATTERN_PENDING,ZERO_OBJECTIVE
Karnataka,kseab-karnataka,Class 12,Commerce,Accountancy,en,0,200,200,PATTERN_PENDING,ZERO_OBJECTIVE
Karnataka,kseab-karnataka,Class 12,Commerce,Business Studies,kn,0,200,200,PATTERN_PENDING,ZERO_OBJECTIVE
Karnataka,kseab-karnataka,Class 12,Commerce,Business Studies,en,0,200,200,PATTERN_PENDING,ZERO_OBJECTIVE
Karnataka,kseab-karnataka,Class 12,Commerce,Economics,kn,0,200,200,PATTERN_PENDING,ZERO_OBJECTIVE
Karnataka,kseab-karnataka,Class 12,Commerce,Economics,en,0,200,200,PATTERN_PENDING,ZERO_OBJECTIVE
Maharashtra,maharashtra-board,Class 10,General,Mathematics,mr,0,200,200,PATTERN_PENDING,ZERO_OBJECTIVE
Maharashtra,maharashtra-board,Class 10,General,Mathematics,en,0,200,200,PATTERN_PENDING,ZERO_OBJECTIVE
Maharashtra,maharashtra-board,Class 10,General,Mathematics,hi,0,200,200,PATTERN_PENDING,ZERO_OBJECTIVE
Maharashtra,maharashtra-board,Class 10,General,Science & Technology,mr,0,200,200,PATTERN_PENDING,ZERO_OBJECTIVE
Maharashtra,maharashtra-board,Class 10,General,Science & Technology,en,0,200,200,PATTERN_PENDING,ZERO_OBJECTIVE
Maharashtra,maharashtra-board,Class 10,General,Science & Technology,hi,0,200,200,PATTERN_PENDING,ZERO_OBJECTIVE
Maharashtra,maharashtra-board,Class 10,General,Social Science,mr,0,200,200,PATTERN_PRELIMINARY,ZERO_OBJECTIVE
Maharashtra,maharashtra-board,Class 10,General,Social Science,en,0,200,200,PATTERN_PRELIMINARY,ZERO_OBJECTIVE
Maharashtra,maharashtra-board,Class 10,General,Social Science,hi,0,200,200,PATTERN_PENDING,ZERO_OBJECTIVE
Maharashtra,maharashtra-board,Class 10,General,English Language & Literature,mr,0,200,200,PATTERN_PENDING,ZERO_OBJECTIVE
Maharashtra,maharashtra-board,Class 10,General,English Language & Literature,en,0,200,200,PATTERN_PENDING,ZERO_OBJECTIVE
Maharashtra,maharashtra-board,Class 10,General,English Language & Literature,hi,0,200,200,PATTERN_PENDING,ZERO_OBJECTIVE
Maharashtra,maharashtra-board,Class 10,General,First Language (Regional/Hindi),mr,0,200,200,PATTERN_PENDING,ZERO_OBJECTIVE
Maharashtra,maharashtra-board,Class 10,General,First Language (Regional/Hindi),en,0,200,200,PATTERN_PENDING,ZERO_OBJECTIVE
Maharashtra,maharashtra-board,Class 10,General,First Language (Regional/Hindi),hi,0,200,200,PATTERN_PENDING,ZERO_OBJECTIVE
Maharashtra,maharashtra-board,Class 12,Science,Physics,mr,0,200,200,PATTERN_PENDING,ZERO_OBJECTIVE
Maharashtra,maharashtra-board,Class 12,Science,Physics,en,0,200,200,PATTERN_PENDING,ZERO_OBJECTIVE
Maharashtra,maharashtra-board,Class 12,Science,Physics,hi,0,200,200,PATTERN_PENDING,ZERO_OBJECTIVE
Maharashtra,maharashtra-board,Class 12,Science,Chemistry,mr,0,200,200,PATTERN_PENDING,ZERO_OBJECTIVE
Maharashtra,maharashtra-board,Class 12,Science,Chemistry,en,0,200,200,PATTERN_PENDING,ZERO_OBJECTIVE
Maharashtra,maharashtra-board,Class 12,Science,Chemistry,hi,0,200,200,PATTERN_PENDING,ZERO_OBJECTIVE
Maharashtra,maharashtra-board,Class 12,Science,Higher Mathematics,mr,0,200,200,PATTERN_PENDING,ZERO_OBJECTIVE
Maharashtra,maharashtra-board,Class 12,Science,Higher Mathematics,en,0,200,200,PATTERN_PENDING,ZERO_OBJECTIVE
Maharashtra,maharashtra-board,Class 12,Science,Higher Mathematics,hi,0,200,200,PATTERN_PENDING,ZERO_OBJECTIVE
Maharashtra,maharashtra-board,Class 12,Science,Biology,mr,0,200,200,PATTERN_PENDING,ZERO_OBJECTIVE
Maharashtra,maharashtra-board,Class 12,Science,Biology,en,0,200,200,PATTERN_PENDING,ZERO_OBJECTIVE
Maharashtra,maharashtra-board,Class 12,Science,Biology,hi,0,200,200,PATTERN_PENDING,ZERO_OBJECTIVE
Maharashtra,maharashtra-board,Class 12,Commerce,Accountancy,mr,0,200,200,PATTERN_PENDING,ZERO_OBJECTIVE
Maharashtra,maharashtra-board,Class 12,Commerce,Accountancy,en,0,200,200,PATTERN_PENDING,ZERO_OBJECTIVE
Maharashtra,maharashtra-board,Class 12,Commerce,Accountancy,hi,0,200,200,PATTERN_PENDING,ZERO_OBJECTIVE
Maharashtra,maharashtra-board,Class 12,Commerce,Business Studies,mr,0,200,200,PATTERN_PENDING,ZERO_OBJECTIVE
Maharashtra,maharashtra-board,Class 12,Commerce,Business Studies,en,0,200,200,PATTERN_PENDING,ZERO_OBJECTIVE
Maharashtra,maharashtra-board,Class 12,Commerce,Business Studies,hi,0,200,200,PATTERN_PENDING,ZERO_OBJECTIVE
Maharashtra,maharashtra-board,Class 12,Commerce,Economics,mr,0,200,200,PATTERN_PENDING,ZERO_OBJECTIVE
Maharashtra,maharashtra-board,Class 12,Commerce,Economics,en,0,200,200,PATTERN_PENDING,ZERO_OBJECTIVE
Maharashtra,maharashtra-board,Class 12,Commerce,Economics,hi,0,200,200,PATTERN_PENDING,ZERO_OBJECTIVE
Meghalaya,mbose-board,Class 10,General,Mathematics,en,0,200,200,PATTERN_PENDING,ZERO_OBJECTIVE
Meghalaya,mbose-board,Class 10,General,Science & Technology,en,0,200,200,PATTERN_PENDING,ZERO_OBJECTIVE
Meghalaya,mbose-board,Class 10,General,Social Science,en,0,200,200,PATTERN_PENDING,ZERO_OBJECTIVE
Meghalaya,mbose-board,Class 10,General,English Language & Literature,en,0,200,200,PATTERN_PENDING,ZERO_OBJECTIVE
Meghalaya,mbose-board,Class 10,General,First Language (Regional/Hindi),en,0,200,200,PATTERN_PENDING,ZERO_OBJECTIVE
Meghalaya,mbose-board,Class 12,Science,Physics,en,0,200,200,PATTERN_PENDING,ZERO_OBJECTIVE
Meghalaya,mbose-board,Class 12,Science,Chemistry,en,0,200,200,PATTERN_PENDING,ZERO_OBJECTIVE
Meghalaya,mbose-board,Class 12,Science,Higher Mathematics,en,0,200,200,PATTERN_PENDING,ZERO_OBJECTIVE
Meghalaya,mbose-board,Class 12,Science,Biology,en,0,200,200,PATTERN_PENDING,ZERO_OBJECTIVE
Meghalaya,mbose-board,Class 12,Commerce,Accountancy,en,0,200,200,PATTERN_PENDING,ZERO_OBJECTIVE
Meghalaya,mbose-board,Class 12,Commerce,Business Studies,en,0,200,200,PATTERN_PENDING,ZERO_OBJECTIVE
Meghalaya,mbose-board,Class 12,Commerce,Economics,en,0,200,200,PATTERN_PENDING,ZERO_OBJECTIVE
Mizoram,mbse-board,Class 10,General,Mathematics,en,0,200,200,PATTERN_PENDING,ZERO_OBJECTIVE
Mizoram,mbse-board,Class 10,General,Science & Technology,en,0,200,200,PATTERN_PENDING,ZERO_OBJECTIVE
Mizoram,mbse-board,Class 10,General,Social Science,en,0,200,200,PATTERN_PENDING,ZERO_OBJECTIVE
Mizoram,mbse-board,Class 10,General,English Language & Literature,en,0,200,200,PATTERN_PENDING,ZERO_OBJECTIVE
Mizoram,mbse-board,Class 10,General,First Language (Regional/Hindi),en,0,200,200,PATTERN_PENDING,ZERO_OBJECTIVE
Mizoram,mbse-board,Class 12,Science,Physics,en,0,200,200,PATTERN_PENDING,ZERO_OBJECTIVE
Mizoram,mbse-board,Class 12,Science,Chemistry,en,0,200,200,PATTERN_PENDING,ZERO_OBJECTIVE
Mizoram,mbse-board,Class 12,Science,Higher Mathematics,en,0,200,200,PATTERN_PENDING,ZERO_OBJECTIVE
Mizoram,mbse-board,Class 12,Science,Biology,en,0,200,200,PATTERN_PENDING,ZERO_OBJECTIVE
Mizoram,mbse-board,Class 12,Commerce,Accountancy,en,0,200,200,PATTERN_PENDING,ZERO_OBJECTIVE
Mizoram,mbse-board,Class 12,Commerce,Business Studies,en,0,200,200,PATTERN_PENDING,ZERO_OBJECTIVE
Mizoram,mbse-board,Class 12,Commerce,Economics,en,0,200,200,PATTERN_PENDING,ZERO_OBJECTIVE
Madhya Pradesh,mpbse-board,Class 10,General,Mathematics,hi,0,200,200,PATTERN_PENDING,ZERO_OBJECTIVE
Madhya Pradesh,mpbse-board,Class 10,General,Mathematics,en,0,200,200,PATTERN_PENDING,ZERO_OBJECTIVE
Madhya Pradesh,mpbse-board,Class 10,General,Science & Technology,hi,0,200,200,PATTERN_PENDING,ZERO_OBJECTIVE
Madhya Pradesh,mpbse-board,Class 10,General,Science & Technology,en,0,200,200,PATTERN_PENDING,ZERO_OBJECTIVE
Madhya Pradesh,mpbse-board,Class 10,General,Social Science,hi,0,200,200,PATTERN_PENDING,ZERO_OBJECTIVE
Madhya Pradesh,mpbse-board,Class 10,General,Social Science,en,0,200,200,PATTERN_PENDING,ZERO_OBJECTIVE
Madhya Pradesh,mpbse-board,Class 10,General,English Language & Literature,hi,0,200,200,PATTERN_PENDING,ZERO_OBJECTIVE
Madhya Pradesh,mpbse-board,Class 10,General,English Language & Literature,en,0,200,200,PATTERN_PENDING,ZERO_OBJECTIVE
Madhya Pradesh,mpbse-board,Class 10,General,First Language (Regional/Hindi),hi,0,200,200,PATTERN_PENDING,ZERO_OBJECTIVE
Madhya Pradesh,mpbse-board,Class 10,General,First Language (Regional/Hindi),en,0,200,200,PATTERN_PENDING,ZERO_OBJECTIVE
Madhya Pradesh,mpbse-board,Class 12,Science,Physics,hi,0,200,200,PATTERN_PENDING,ZERO_OBJECTIVE
Madhya Pradesh,mpbse-board,Class 12,Science,Physics,en,0,200,200,PATTERN_PENDING,ZERO_OBJECTIVE
Madhya Pradesh,mpbse-board,Class 12,Science,Chemistry,hi,0,200,200,PATTERN_PENDING,ZERO_OBJECTIVE
Madhya Pradesh,mpbse-board,Class 12,Science,Chemistry,en,0,200,200,PATTERN_PENDING,ZERO_OBJECTIVE
Madhya Pradesh,mpbse-board,Class 12,Science,Higher Mathematics,hi,0,200,200,PATTERN_PENDING,ZERO_OBJECTIVE
Madhya Pradesh,mpbse-board,Class 12,Science,Higher Mathematics,en,0,200,200,PATTERN_PENDING,ZERO_OBJECTIVE
Madhya Pradesh,mpbse-board,Class 12,Science,Biology,hi,0,200,200,PATTERN_PENDING,ZERO_OBJECTIVE
Madhya Pradesh,mpbse-board,Class 12,Science,Biology,en,0,200,200,PATTERN_PENDING,ZERO_OBJECTIVE
Madhya Pradesh,mpbse-board,Class 12,Commerce,Accountancy,hi,0,200,200,PATTERN_PENDING,ZERO_OBJECTIVE
Madhya Pradesh,mpbse-board,Class 12,Commerce,Accountancy,en,0,200,200,PATTERN_PENDING,ZERO_OBJECTIVE
Madhya Pradesh,mpbse-board,Class 12,Commerce,Business Studies,hi,0,200,200,PATTERN_PENDING,ZERO_OBJECTIVE
Madhya Pradesh,mpbse-board,Class 12,Commerce,Business Studies,en,0,200,200,PATTERN_PENDING,ZERO_OBJECTIVE
Madhya Pradesh,mpbse-board,Class 12,Commerce,Economics,hi,0,200,200,PATTERN_PENDING,ZERO_OBJECTIVE
Madhya Pradesh,mpbse-board,Class 12,Commerce,Economics,en,0,200,200,PATTERN_PENDING,ZERO_OBJECTIVE
Nagaland,nbse-board,Class 10,General,Mathematics,en,0,200,200,PATTERN_PENDING,ZERO_OBJECTIVE
Nagaland,nbse-board,Class 10,General,Science & Technology,en,0,200,200,PATTERN_PENDING,ZERO_OBJECTIVE
Nagaland,nbse-board,Class 10,General,Social Science,en,0,200,200,PATTERN_PENDING,ZERO_OBJECTIVE
Nagaland,nbse-board,Class 10,General,English Language & Literature,en,0,200,200,PATTERN_PENDING,ZERO_OBJECTIVE
Nagaland,nbse-board,Class 10,General,First Language (Regional/Hindi),en,0,200,200,PATTERN_PENDING,ZERO_OBJECTIVE
Nagaland,nbse-board,Class 12,Science,Physics,en,0,200,200,PATTERN_PENDING,ZERO_OBJECTIVE
Nagaland,nbse-board,Class 12,Science,Chemistry,en,0,200,200,PATTERN_PENDING,ZERO_OBJECTIVE
Nagaland,nbse-board,Class 12,Science,Higher Mathematics,en,0,200,200,PATTERN_PENDING,ZERO_OBJECTIVE
Nagaland,nbse-board,Class 12,Science,Biology,en,0,200,200,PATTERN_PENDING,ZERO_OBJECTIVE
Nagaland,nbse-board,Class 12,Commerce,Accountancy,en,0,200,200,PATTERN_PENDING,ZERO_OBJECTIVE
Nagaland,nbse-board,Class 12,Commerce,Business Studies,en,0,200,200,PATTERN_PENDING,ZERO_OBJECTIVE
Nagaland,nbse-board,Class 12,Commerce,Economics,en,0,200,200,PATTERN_PENDING,ZERO_OBJECTIVE
National,nios-board,Class 10,General,Mathematics,en,0,200,200,PATTERN_PENDING,ZERO_OBJECTIVE
National,nios-board,Class 10,General,Mathematics,hi,0,200,200,PATTERN_PENDING,ZERO_OBJECTIVE
National,nios-board,Class 10,General,Science & Technology,en,0,200,200,PATTERN_PENDING,ZERO_OBJECTIVE
National,nios-board,Class 10,General,Science & Technology,hi,0,200,200,PATTERN_PENDING,ZERO_OBJECTIVE
National,nios-board,Class 10,General,Social Science,en,0,200,200,PATTERN_PENDING,ZERO_OBJECTIVE
National,nios-board,Class 10,General,Social Science,hi,0,200,200,PATTERN_PENDING,ZERO_OBJECTIVE
National,nios-board,Class 10,General,English Language & Literature,en,0,200,200,PATTERN_PENDING,ZERO_OBJECTIVE
National,nios-board,Class 10,General,English Language & Literature,hi,0,200,200,PATTERN_PENDING,ZERO_OBJECTIVE
National,nios-board,Class 10,General,First Language (Regional/Hindi),en,0,200,200,PATTERN_PENDING,ZERO_OBJECTIVE
National,nios-board,Class 10,General,First Language (Regional/Hindi),hi,0,200,200,PATTERN_PENDING,ZERO_OBJECTIVE
National,nios-board,Class 12,Science,Physics,en,0,200,200,PATTERN_PENDING,ZERO_OBJECTIVE
National,nios-board,Class 12,Science,Physics,hi,0,200,200,PATTERN_PENDING,ZERO_OBJECTIVE
National,nios-board,Class 12,Science,Chemistry,en,0,200,200,PATTERN_PENDING,ZERO_OBJECTIVE
National,nios-board,Class 12,Science,Chemistry,hi,0,200,200,PATTERN_PENDING,ZERO_OBJECTIVE
National,nios-board,Class 12,Science,Higher Mathematics,en,0,200,200,PATTERN_PENDING,ZERO_OBJECTIVE
National,nios-board,Class 12,Science,Higher Mathematics,hi,0,200,200,PATTERN_PENDING,ZERO_OBJECTIVE
National,nios-board,Class 12,Science,Biology,en,0,200,200,PATTERN_PENDING,ZERO_OBJECTIVE
National,nios-board,Class 12,Science,Biology,hi,0,200,200,PATTERN_PENDING,ZERO_OBJECTIVE
National,nios-board,Class 12,Commerce,Accountancy,en,0,200,200,PATTERN_PENDING,ZERO_OBJECTIVE
National,nios-board,Class 12,Commerce,Accountancy,hi,0,200,200,PATTERN_PENDING,ZERO_OBJECTIVE
National,nios-board,Class 12,Commerce,Business Studies,en,0,200,200,PATTERN_PENDING,ZERO_OBJECTIVE
National,nios-board,Class 12,Commerce,Business Studies,hi,0,200,200,PATTERN_PENDING,ZERO_OBJECTIVE
National,nios-board,Class 12,Commerce,Economics,en,0,200,200,PATTERN_PENDING,ZERO_OBJECTIVE
National,nios-board,Class 12,Commerce,Economics,hi,0,200,200,PATTERN_PENDING,ZERO_OBJECTIVE
Punjab,pseb-punjab,Class 10,General,Mathematics,pa,0,200,200,PATTERN_PENDING,ZERO_OBJECTIVE
Punjab,pseb-punjab,Class 10,General,Mathematics,en,0,200,200,PATTERN_PENDING,ZERO_OBJECTIVE
Punjab,pseb-punjab,Class 10,General,Mathematics,hi,0,200,200,PATTERN_PENDING,ZERO_OBJECTIVE
Punjab,pseb-punjab,Class 10,General,Science & Technology,pa,0,200,200,PATTERN_PENDING,ZERO_OBJECTIVE
Punjab,pseb-punjab,Class 10,General,Science & Technology,en,0,200,200,PATTERN_PENDING,ZERO_OBJECTIVE
Punjab,pseb-punjab,Class 10,General,Science & Technology,hi,0,200,200,PATTERN_PENDING,ZERO_OBJECTIVE
Punjab,pseb-punjab,Class 10,General,Social Science,pa,0,200,200,PATTERN_PENDING,ZERO_OBJECTIVE
Punjab,pseb-punjab,Class 10,General,Social Science,en,0,200,200,PATTERN_PENDING,ZERO_OBJECTIVE
Punjab,pseb-punjab,Class 10,General,Social Science,hi,0,200,200,PATTERN_PENDING,ZERO_OBJECTIVE
Punjab,pseb-punjab,Class 10,General,English Language & Literature,pa,0,200,200,PATTERN_PENDING,ZERO_OBJECTIVE
Punjab,pseb-punjab,Class 10,General,English Language & Literature,en,0,200,200,PATTERN_PENDING,ZERO_OBJECTIVE
Punjab,pseb-punjab,Class 10,General,English Language & Literature,hi,0,200,200,PATTERN_PENDING,ZERO_OBJECTIVE
Punjab,pseb-punjab,Class 10,General,First Language (Regional/Hindi),pa,0,200,200,PATTERN_PENDING,ZERO_OBJECTIVE
Punjab,pseb-punjab,Class 10,General,First Language (Regional/Hindi),en,0,200,200,PATTERN_PENDING,ZERO_OBJECTIVE
Punjab,pseb-punjab,Class 10,General,First Language (Regional/Hindi),hi,0,200,200,PATTERN_PENDING,ZERO_OBJECTIVE
Punjab,pseb-punjab,Class 12,Science,Physics,pa,0,200,200,PATTERN_PENDING,ZERO_OBJECTIVE
Punjab,pseb-punjab,Class 12,Science,Physics,en,0,200,200,PATTERN_PENDING,ZERO_OBJECTIVE
Punjab,pseb-punjab,Class 12,Science,Physics,hi,0,200,200,PATTERN_PENDING,ZERO_OBJECTIVE
Punjab,pseb-punjab,Class 12,Science,Chemistry,pa,0,200,200,PATTERN_PENDING,ZERO_OBJECTIVE
Punjab,pseb-punjab,Class 12,Science,Chemistry,en,0,200,200,PATTERN_PENDING,ZERO_OBJECTIVE
Punjab,pseb-punjab,Class 12,Science,Chemistry,hi,0,200,200,PATTERN_PENDING,ZERO_OBJECTIVE
Punjab,pseb-punjab,Class 12,Science,Higher Mathematics,pa,0,200,200,PATTERN_PENDING,ZERO_OBJECTIVE
Punjab,pseb-punjab,Class 12,Science,Higher Mathematics,en,0,200,200,PATTERN_PENDING,ZERO_OBJECTIVE
Punjab,pseb-punjab,Class 12,Science,Higher Mathematics,hi,0,200,200,PATTERN_PENDING,ZERO_OBJECTIVE
Punjab,pseb-punjab,Class 12,Science,Biology,pa,0,200,200,PATTERN_PENDING,ZERO_OBJECTIVE
Punjab,pseb-punjab,Class 12,Science,Biology,en,0,200,200,PATTERN_PENDING,ZERO_OBJECTIVE
Punjab,pseb-punjab,Class 12,Science,Biology,hi,0,200,200,PATTERN_PENDING,ZERO_OBJECTIVE
Punjab,pseb-punjab,Class 12,Commerce,Accountancy,pa,0,200,200,PATTERN_PENDING,ZERO_OBJECTIVE
Punjab,pseb-punjab,Class 12,Commerce,Accountancy,en,0,200,200,PATTERN_PENDING,ZERO_OBJECTIVE
Punjab,pseb-punjab,Class 12,Commerce,Accountancy,hi,0,200,200,PATTERN_PENDING,ZERO_OBJECTIVE
Punjab,pseb-punjab,Class 12,Commerce,Business Studies,pa,0,200,200,PATTERN_PENDING,ZERO_OBJECTIVE
Punjab,pseb-punjab,Class 12,Commerce,Business Studies,en,0,200,200,PATTERN_PENDING,ZERO_OBJECTIVE
Punjab,pseb-punjab,Class 12,Commerce,Business Studies,hi,0,200,200,PATTERN_PENDING,ZERO_OBJECTIVE
Punjab,pseb-punjab,Class 12,Commerce,Economics,pa,0,200,200,PATTERN_PENDING,ZERO_OBJECTIVE
Punjab,pseb-punjab,Class 12,Commerce,Economics,en,0,200,200,PATTERN_PENDING,ZERO_OBJECTIVE
Punjab,pseb-punjab,Class 12,Commerce,Economics,hi,0,200,200,PATTERN_PENDING,ZERO_OBJECTIVE
Rajasthan,rbse-rajasthan,Class 10,General,Mathematics,hi,0,200,200,PATTERN_PENDING,ZERO_OBJECTIVE
Rajasthan,rbse-rajasthan,Class 10,General,Mathematics,en,0,200,200,PATTERN_PENDING,ZERO_OBJECTIVE
Rajasthan,rbse-rajasthan,Class 10,General,Science & Technology,hi,0,200,200,PATTERN_PENDING,ZERO_OBJECTIVE
Rajasthan,rbse-rajasthan,Class 10,General,Science & Technology,en,0,200,200,PATTERN_PENDING,ZERO_OBJECTIVE
Rajasthan,rbse-rajasthan,Class 10,General,Social Science,hi,0,200,200,PATTERN_PENDING,ZERO_OBJECTIVE
Rajasthan,rbse-rajasthan,Class 10,General,Social Science,en,0,200,200,PATTERN_PENDING,ZERO_OBJECTIVE
Rajasthan,rbse-rajasthan,Class 10,General,English Language & Literature,hi,0,200,200,PATTERN_PENDING,ZERO_OBJECTIVE
Rajasthan,rbse-rajasthan,Class 10,General,English Language & Literature,en,0,200,200,PATTERN_PENDING,ZERO_OBJECTIVE
Rajasthan,rbse-rajasthan,Class 10,General,First Language (Regional/Hindi),hi,0,200,200,PATTERN_PENDING,ZERO_OBJECTIVE
Rajasthan,rbse-rajasthan,Class 10,General,First Language (Regional/Hindi),en,0,200,200,PATTERN_PENDING,ZERO_OBJECTIVE
Rajasthan,rbse-rajasthan,Class 12,Science,Physics,hi,0,200,200,PATTERN_PENDING,ZERO_OBJECTIVE
Rajasthan,rbse-rajasthan,Class 12,Science,Physics,en,0,200,200,PATTERN_PENDING,ZERO_OBJECTIVE
Rajasthan,rbse-rajasthan,Class 12,Science,Chemistry,hi,0,200,200,PATTERN_PENDING,ZERO_OBJECTIVE
Rajasthan,rbse-rajasthan,Class 12,Science,Chemistry,en,0,200,200,PATTERN_PENDING,ZERO_OBJECTIVE
Rajasthan,rbse-rajasthan,Class 12,Science,Higher Mathematics,hi,0,200,200,PATTERN_PENDING,ZERO_OBJECTIVE
Rajasthan,rbse-rajasthan,Class 12,Science,Higher Mathematics,en,0,200,200,PATTERN_PENDING,ZERO_OBJECTIVE
Rajasthan,rbse-rajasthan,Class 12,Science,Biology,hi,0,200,200,PATTERN_PENDING,ZERO_OBJECTIVE
Rajasthan,rbse-rajasthan,Class 12,Science,Biology,en,0,200,200,PATTERN_PENDING,ZERO_OBJECTIVE
Rajasthan,rbse-rajasthan,Class 12,Commerce,Accountancy,hi,0,200,200,PATTERN_PENDING,ZERO_OBJECTIVE
Rajasthan,rbse-rajasthan,Class 12,Commerce,Accountancy,en,0,200,200,PATTERN_PENDING,ZERO_OBJECTIVE
Rajasthan,rbse-rajasthan,Class 12,Commerce,Business Studies,hi,0,200,200,PATTERN_PENDING,ZERO_OBJECTIVE
Rajasthan,rbse-rajasthan,Class 12,Commerce,Business Studies,en,0,200,200,PATTERN_PENDING,ZERO_OBJECTIVE
Rajasthan,rbse-rajasthan,Class 12,Commerce,Economics,hi,0,200,200,PATTERN_PENDING,ZERO_OBJECTIVE
Rajasthan,rbse-rajasthan,Class 12,Commerce,Economics,en,0,200,200,PATTERN_PENDING,ZERO_OBJECTIVE
Assam,seba-ahsec-assam,Class 10,General,Mathematics,as,0,200,200,PATTERN_PENDING,ZERO_OBJECTIVE
Assam,seba-ahsec-assam,Class 10,General,Mathematics,en,0,200,200,PATTERN_PENDING,ZERO_OBJECTIVE
Assam,seba-ahsec-assam,Class 10,General,Mathematics,bn,0,200,200,PATTERN_PENDING,ZERO_OBJECTIVE
Assam,seba-ahsec-assam,Class 10,General,Science & Technology,as,0,200,200,PATTERN_PENDING,ZERO_OBJECTIVE
Assam,seba-ahsec-assam,Class 10,General,Science & Technology,en,0,200,200,PATTERN_PENDING,ZERO_OBJECTIVE
Assam,seba-ahsec-assam,Class 10,General,Science & Technology,bn,0,200,200,PATTERN_PENDING,ZERO_OBJECTIVE
Assam,seba-ahsec-assam,Class 10,General,Social Science,as,0,200,200,PATTERN_PENDING,ZERO_OBJECTIVE
Assam,seba-ahsec-assam,Class 10,General,Social Science,en,0,200,200,PATTERN_PENDING,ZERO_OBJECTIVE
Assam,seba-ahsec-assam,Class 10,General,Social Science,bn,0,200,200,PATTERN_PENDING,ZERO_OBJECTIVE
Assam,seba-ahsec-assam,Class 10,General,English Language & Literature,as,0,200,200,PATTERN_PENDING,ZERO_OBJECTIVE
Assam,seba-ahsec-assam,Class 10,General,English Language & Literature,en,0,200,200,PATTERN_PENDING,ZERO_OBJECTIVE
Assam,seba-ahsec-assam,Class 10,General,English Language & Literature,bn,0,200,200,PATTERN_PENDING,ZERO_OBJECTIVE
Assam,seba-ahsec-assam,Class 10,General,First Language (Regional/Hindi),as,0,200,200,PATTERN_PENDING,ZERO_OBJECTIVE
Assam,seba-ahsec-assam,Class 10,General,First Language (Regional/Hindi),en,0,200,200,PATTERN_PENDING,ZERO_OBJECTIVE
Assam,seba-ahsec-assam,Class 10,General,First Language (Regional/Hindi),bn,0,200,200,PATTERN_PENDING,ZERO_OBJECTIVE
Assam,seba-ahsec-assam,Class 12,Science,Physics,as,0,200,200,PATTERN_PENDING,ZERO_OBJECTIVE
Assam,seba-ahsec-assam,Class 12,Science,Physics,en,0,200,200,PATTERN_PENDING,ZERO_OBJECTIVE
Assam,seba-ahsec-assam,Class 12,Science,Physics,bn,0,200,200,PATTERN_PENDING,ZERO_OBJECTIVE
Assam,seba-ahsec-assam,Class 12,Science,Chemistry,as,0,200,200,PATTERN_PENDING,ZERO_OBJECTIVE
Assam,seba-ahsec-assam,Class 12,Science,Chemistry,en,0,200,200,PATTERN_PENDING,ZERO_OBJECTIVE
Assam,seba-ahsec-assam,Class 12,Science,Chemistry,bn,0,200,200,PATTERN_PENDING,ZERO_OBJECTIVE
Assam,seba-ahsec-assam,Class 12,Science,Higher Mathematics,as,0,200,200,PATTERN_PENDING,ZERO_OBJECTIVE
Assam,seba-ahsec-assam,Class 12,Science,Higher Mathematics,en,0,200,200,PATTERN_PENDING,ZERO_OBJECTIVE
Assam,seba-ahsec-assam,Class 12,Science,Higher Mathematics,bn,0,200,200,PATTERN_PENDING,ZERO_OBJECTIVE
Assam,seba-ahsec-assam,Class 12,Science,Biology,as,0,200,200,PATTERN_PENDING,ZERO_OBJECTIVE
Assam,seba-ahsec-assam,Class 12,Science,Biology,en,0,200,200,PATTERN_PENDING,ZERO_OBJECTIVE
Assam,seba-ahsec-assam,Class 12,Science,Biology,bn,0,200,200,PATTERN_PENDING,ZERO_OBJECTIVE
Assam,seba-ahsec-assam,Class 12,Commerce,Accountancy,as,0,200,200,PATTERN_PENDING,ZERO_OBJECTIVE
Assam,seba-ahsec-assam,Class 12,Commerce,Accountancy,en,0,200,200,PATTERN_PENDING,ZERO_OBJECTIVE
Assam,seba-ahsec-assam,Class 12,Commerce,Accountancy,bn,0,200,200,PATTERN_PENDING,ZERO_OBJECTIVE
Assam,seba-ahsec-assam,Class 12,Commerce,Business Studies,as,0,200,200,PATTERN_PENDING,ZERO_OBJECTIVE
Assam,seba-ahsec-assam,Class 12,Commerce,Business Studies,en,0,200,200,PATTERN_PENDING,ZERO_OBJECTIVE
Assam,seba-ahsec-assam,Class 12,Commerce,Business Studies,bn,0,200,200,PATTERN_PENDING,ZERO_OBJECTIVE
Assam,seba-ahsec-assam,Class 12,Commerce,Economics,as,0,200,200,PATTERN_PENDING,ZERO_OBJECTIVE
Assam,seba-ahsec-assam,Class 12,Commerce,Economics,en,0,200,200,PATTERN_PENDING,ZERO_OBJECTIVE
Assam,seba-ahsec-assam,Class 12,Commerce,Economics,bn,0,200,200,PATTERN_PENDING,ZERO_OBJECTIVE
Tripura,tbse-board,Class 10,General,Mathematics,bn,0,200,200,PATTERN_PENDING,ZERO_OBJECTIVE
Tripura,tbse-board,Class 10,General,Mathematics,en,0,200,200,PATTERN_PENDING,ZERO_OBJECTIVE
Tripura,tbse-board,Class 10,General,Science & Technology,bn,0,200,200,PATTERN_PENDING,ZERO_OBJECTIVE
Tripura,tbse-board,Class 10,General,Science & Technology,en,0,200,200,PATTERN_PENDING,ZERO_OBJECTIVE
Tripura,tbse-board,Class 10,General,Social Science,bn,0,200,200,PATTERN_PENDING,ZERO_OBJECTIVE
Tripura,tbse-board,Class 10,General,Social Science,en,0,200,200,PATTERN_PENDING,ZERO_OBJECTIVE
Tripura,tbse-board,Class 10,General,English Language & Literature,bn,0,200,200,PATTERN_PENDING,ZERO_OBJECTIVE
Tripura,tbse-board,Class 10,General,English Language & Literature,en,0,200,200,PATTERN_PENDING,ZERO_OBJECTIVE
Tripura,tbse-board,Class 10,General,First Language (Regional/Hindi),bn,0,200,200,PATTERN_PENDING,ZERO_OBJECTIVE
Tripura,tbse-board,Class 10,General,First Language (Regional/Hindi),en,0,200,200,PATTERN_PENDING,ZERO_OBJECTIVE
Tripura,tbse-board,Class 12,Science,Physics,bn,0,200,200,PATTERN_PENDING,ZERO_OBJECTIVE
Tripura,tbse-board,Class 12,Science,Physics,en,0,200,200,PATTERN_PENDING,ZERO_OBJECTIVE
Tripura,tbse-board,Class 12,Science,Chemistry,bn,0,200,200,PATTERN_PENDING,ZERO_OBJECTIVE
Tripura,tbse-board,Class 12,Science,Chemistry,en,0,200,200,PATTERN_PENDING,ZERO_OBJECTIVE
Tripura,tbse-board,Class 12,Science,Higher Mathematics,bn,0,200,200,PATTERN_PENDING,ZERO_OBJECTIVE
Tripura,tbse-board,Class 12,Science,Higher Mathematics,en,0,200,200,PATTERN_PENDING,ZERO_OBJECTIVE
Tripura,tbse-board,Class 12,Science,Biology,bn,0,200,200,PATTERN_PENDING,ZERO_OBJECTIVE
Tripura,tbse-board,Class 12,Science,Biology,en,0,200,200,PATTERN_PENDING,ZERO_OBJECTIVE
Tripura,tbse-board,Class 12,Commerce,Accountancy,bn,0,200,200,PATTERN_PENDING,ZERO_OBJECTIVE
Tripura,tbse-board,Class 12,Commerce,Accountancy,en,0,200,200,PATTERN_PENDING,ZERO_OBJECTIVE
Tripura,tbse-board,Class 12,Commerce,Business Studies,bn,0,200,200,PATTERN_PENDING,ZERO_OBJECTIVE
Tripura,tbse-board,Class 12,Commerce,Business Studies,en,0,200,200,PATTERN_PENDING,ZERO_OBJECTIVE
Tripura,tbse-board,Class 12,Commerce,Economics,bn,0,200,200,PATTERN_PENDING,ZERO_OBJECTIVE
Tripura,tbse-board,Class 12,Commerce,Economics,en,0,200,200,PATTERN_PENDING,ZERO_OBJECTIVE
"Puducherry; Tamil Nadu",tndge-tamilnadu,Class 10,General,Mathematics,ta,0,200,200,PATTERN_PENDING,ZERO_OBJECTIVE
"Puducherry; Tamil Nadu",tndge-tamilnadu,Class 10,General,Mathematics,en,0,200,200,PATTERN_PENDING,ZERO_OBJECTIVE
"Puducherry; Tamil Nadu",tndge-tamilnadu,Class 10,General,Science & Technology,ta,0,200,200,PATTERN_PENDING,ZERO_OBJECTIVE
"Puducherry; Tamil Nadu",tndge-tamilnadu,Class 10,General,Science & Technology,en,0,200,200,PATTERN_PENDING,ZERO_OBJECTIVE
"Puducherry; Tamil Nadu",tndge-tamilnadu,Class 10,General,Social Science,ta,0,200,200,PATTERN_PENDING,ZERO_OBJECTIVE
"Puducherry; Tamil Nadu",tndge-tamilnadu,Class 10,General,Social Science,en,0,200,200,PATTERN_PENDING,ZERO_OBJECTIVE
"Puducherry; Tamil Nadu",tndge-tamilnadu,Class 10,General,English Language & Literature,ta,0,200,200,PATTERN_PENDING,ZERO_OBJECTIVE
"Puducherry; Tamil Nadu",tndge-tamilnadu,Class 10,General,English Language & Literature,en,0,200,200,PATTERN_PENDING,ZERO_OBJECTIVE
"Puducherry; Tamil Nadu",tndge-tamilnadu,Class 10,General,First Language (Regional/Hindi),ta,275,200,0,PATTERN_PRELIMINARY,DEPTH_SATISFIED
"Puducherry; Tamil Nadu",tndge-tamilnadu,Class 10,General,First Language (Regional/Hindi),en,250,200,0,PATTERN_PRELIMINARY,DEPTH_SATISFIED
"Puducherry; Tamil Nadu",tndge-tamilnadu,Class 12,Science,Physics,ta,0,200,200,PATTERN_PENDING,ZERO_OBJECTIVE
"Puducherry; Tamil Nadu",tndge-tamilnadu,Class 12,Science,Physics,en,0,200,200,PATTERN_PENDING,ZERO_OBJECTIVE
"Puducherry; Tamil Nadu",tndge-tamilnadu,Class 12,Science,Chemistry,ta,0,200,200,PATTERN_PENDING,ZERO_OBJECTIVE
"Puducherry; Tamil Nadu",tndge-tamilnadu,Class 12,Science,Chemistry,en,0,200,200,PATTERN_PENDING,ZERO_OBJECTIVE
"Puducherry; Tamil Nadu",tndge-tamilnadu,Class 12,Science,Higher Mathematics,ta,0,200,200,PATTERN_PENDING,ZERO_OBJECTIVE
"Puducherry; Tamil Nadu",tndge-tamilnadu,Class 12,Science,Higher Mathematics,en,0,200,200,PATTERN_PENDING,ZERO_OBJECTIVE
"Puducherry; Tamil Nadu",tndge-tamilnadu,Class 12,Science,Biology,ta,0,200,200,PATTERN_PENDING,ZERO_OBJECTIVE
"Puducherry; Tamil Nadu",tndge-tamilnadu,Class 12,Science,Biology,en,0,200,200,PATTERN_PENDING,ZERO_OBJECTIVE
"Puducherry; Tamil Nadu",tndge-tamilnadu,Class 12,Commerce,Accountancy,ta,0,200,200,PATTERN_PENDING,ZERO_OBJECTIVE
"Puducherry; Tamil Nadu",tndge-tamilnadu,Class 12,Commerce,Accountancy,en,0,200,200,PATTERN_PENDING,ZERO_OBJECTIVE
"Puducherry; Tamil Nadu",tndge-tamilnadu,Class 12,Commerce,Business Studies,ta,0,200,200,PATTERN_PENDING,ZERO_OBJECTIVE
"Puducherry; Tamil Nadu",tndge-tamilnadu,Class 12,Commerce,Business Studies,en,0,200,200,PATTERN_PENDING,ZERO_OBJECTIVE
"Puducherry; Tamil Nadu",tndge-tamilnadu,Class 12,Commerce,Economics,ta,0,200,200,PATTERN_PENDING,ZERO_OBJECTIVE
"Puducherry; Tamil Nadu",tndge-tamilnadu,Class 12,Commerce,Economics,en,0,200,200,PATTERN_PENDING,ZERO_OBJECTIVE
State Level,tsbie-bieap,Class 10,General,Mathematics,te,0,200,200,PATTERN_PENDING,ZERO_OBJECTIVE
State Level,tsbie-bieap,Class 10,General,Mathematics,en,0,200,200,PATTERN_PENDING,ZERO_OBJECTIVE
State Level,tsbie-bieap,Class 10,General,Science & Technology,te,0,200,200,PATTERN_PENDING,ZERO_OBJECTIVE
State Level,tsbie-bieap,Class 10,General,Science & Technology,en,0,200,200,PATTERN_PENDING,ZERO_OBJECTIVE
State Level,tsbie-bieap,Class 10,General,Social Science,te,0,200,200,PATTERN_PENDING,ZERO_OBJECTIVE
State Level,tsbie-bieap,Class 10,General,Social Science,en,0,200,200,PATTERN_PENDING,ZERO_OBJECTIVE
State Level,tsbie-bieap,Class 10,General,English Language & Literature,te,0,200,200,PATTERN_PENDING,ZERO_OBJECTIVE
State Level,tsbie-bieap,Class 10,General,English Language & Literature,en,0,200,200,PATTERN_PENDING,ZERO_OBJECTIVE
State Level,tsbie-bieap,Class 10,General,First Language (Regional/Hindi),te,250,200,0,PATTERN_PRELIMINARY,DEPTH_SATISFIED
State Level,tsbie-bieap,Class 10,General,First Language (Regional/Hindi),en,250,200,0,PATTERN_PRELIMINARY,DEPTH_SATISFIED
State Level,tsbie-bieap,Class 12,Science,Physics,te,0,200,200,PATTERN_PENDING,ZERO_OBJECTIVE
State Level,tsbie-bieap,Class 12,Science,Physics,en,0,200,200,PATTERN_PENDING,ZERO_OBJECTIVE
State Level,tsbie-bieap,Class 12,Science,Chemistry,te,0,200,200,PATTERN_PENDING,ZERO_OBJECTIVE
State Level,tsbie-bieap,Class 12,Science,Chemistry,en,0,200,200,PATTERN_PENDING,ZERO_OBJECTIVE
State Level,tsbie-bieap,Class 12,Science,Higher Mathematics,te,0,200,200,PATTERN_PENDING,ZERO_OBJECTIVE
State Level,tsbie-bieap,Class 12,Science,Higher Mathematics,en,0,200,200,PATTERN_PENDING,ZERO_OBJECTIVE
State Level,tsbie-bieap,Class 12,Science,Biology,te,0,200,200,PATTERN_PENDING,ZERO_OBJECTIVE
State Level,tsbie-bieap,Class 12,Science,Biology,en,0,200,200,PATTERN_PENDING,ZERO_OBJECTIVE
State Level,tsbie-bieap,Class 12,Commerce,Accountancy,te,0,200,200,PATTERN_PENDING,ZERO_OBJECTIVE
State Level,tsbie-bieap,Class 12,Commerce,Accountancy,en,0,200,200,PATTERN_PENDING,ZERO_OBJECTIVE
State Level,tsbie-bieap,Class 12,Commerce,Business Studies,te,0,200,200,PATTERN_PENDING,ZERO_OBJECTIVE
State Level,tsbie-bieap,Class 12,Commerce,Business Studies,en,0,200,200,PATTERN_PENDING,ZERO_OBJECTIVE
State Level,tsbie-bieap,Class 12,Commerce,Economics,te,0,200,200,PATTERN_PENDING,ZERO_OBJECTIVE
State Level,tsbie-bieap,Class 12,Commerce,Economics,en,0,200,200,PATTERN_PENDING,ZERO_OBJECTIVE
Uttarakhand,ubse-uttarakhand,Class 10,General,Mathematics,hi,0,200,200,PATTERN_PENDING,ZERO_OBJECTIVE
Uttarakhand,ubse-uttarakhand,Class 10,General,Mathematics,en,0,200,200,PATTERN_PENDING,ZERO_OBJECTIVE
Uttarakhand,ubse-uttarakhand,Class 10,General,Science & Technology,hi,0,200,200,PATTERN_PENDING,ZERO_OBJECTIVE
Uttarakhand,ubse-uttarakhand,Class 10,General,Science & Technology,en,0,200,200,PATTERN_PENDING,ZERO_OBJECTIVE
Uttarakhand,ubse-uttarakhand,Class 10,General,Social Science,hi,0,200,200,PATTERN_PENDING,ZERO_OBJECTIVE
Uttarakhand,ubse-uttarakhand,Class 10,General,Social Science,en,0,200,200,PATTERN_PENDING,ZERO_OBJECTIVE
Uttarakhand,ubse-uttarakhand,Class 10,General,English Language & Literature,hi,0,200,200,PATTERN_PENDING,ZERO_OBJECTIVE
Uttarakhand,ubse-uttarakhand,Class 10,General,English Language & Literature,en,0,200,200,PATTERN_PENDING,ZERO_OBJECTIVE
Uttarakhand,ubse-uttarakhand,Class 10,General,First Language (Regional/Hindi),hi,0,200,200,PATTERN_PENDING,ZERO_OBJECTIVE
Uttarakhand,ubse-uttarakhand,Class 10,General,First Language (Regional/Hindi),en,0,200,200,PATTERN_PENDING,ZERO_OBJECTIVE
Uttarakhand,ubse-uttarakhand,Class 12,Science,Physics,hi,0,200,200,PATTERN_PENDING,ZERO_OBJECTIVE
Uttarakhand,ubse-uttarakhand,Class 12,Science,Physics,en,0,200,200,PATTERN_PENDING,ZERO_OBJECTIVE
Uttarakhand,ubse-uttarakhand,Class 12,Science,Chemistry,hi,0,200,200,PATTERN_PENDING,ZERO_OBJECTIVE
Uttarakhand,ubse-uttarakhand,Class 12,Science,Chemistry,en,0,200,200,PATTERN_PENDING,ZERO_OBJECTIVE
Uttarakhand,ubse-uttarakhand,Class 12,Science,Higher Mathematics,hi,0,200,200,PATTERN_PENDING,ZERO_OBJECTIVE
Uttarakhand,ubse-uttarakhand,Class 12,Science,Higher Mathematics,en,0,200,200,PATTERN_PENDING,ZERO_OBJECTIVE
Uttarakhand,ubse-uttarakhand,Class 12,Science,Biology,hi,0,200,200,PATTERN_PENDING,ZERO_OBJECTIVE
Uttarakhand,ubse-uttarakhand,Class 12,Science,Biology,en,0,200,200,PATTERN_PENDING,ZERO_OBJECTIVE
Uttarakhand,ubse-uttarakhand,Class 12,Commerce,Accountancy,hi,0,200,200,PATTERN_PENDING,ZERO_OBJECTIVE
Uttarakhand,ubse-uttarakhand,Class 12,Commerce,Accountancy,en,0,200,200,PATTERN_PENDING,ZERO_OBJECTIVE
Uttarakhand,ubse-uttarakhand,Class 12,Commerce,Business Studies,hi,0,200,200,PATTERN_PENDING,ZERO_OBJECTIVE
Uttarakhand,ubse-uttarakhand,Class 12,Commerce,Business Studies,en,0,200,200,PATTERN_PENDING,ZERO_OBJECTIVE
Uttarakhand,ubse-uttarakhand,Class 12,Commerce,Economics,hi,0,200,200,PATTERN_PENDING,ZERO_OBJECTIVE
Uttarakhand,ubse-uttarakhand,Class 12,Commerce,Economics,en,0,200,200,PATTERN_PENDING,ZERO_OBJECTIVE
Uttar Pradesh,upmsp-board,Class 10,General,Mathematics,hi,0,200,200,PATTERN_PENDING,ZERO_OBJECTIVE
Uttar Pradesh,upmsp-board,Class 10,General,Mathematics,en,0,200,200,PATTERN_PENDING,ZERO_OBJECTIVE
Uttar Pradesh,upmsp-board,Class 10,General,Science & Technology,hi,0,200,200,PATTERN_PENDING,ZERO_OBJECTIVE
Uttar Pradesh,upmsp-board,Class 10,General,Science & Technology,en,0,200,200,PATTERN_PENDING,ZERO_OBJECTIVE
Uttar Pradesh,upmsp-board,Class 10,General,Social Science,hi,0,200,200,PATTERN_PENDING,ZERO_OBJECTIVE
Uttar Pradesh,upmsp-board,Class 10,General,Social Science,en,0,200,200,PATTERN_PENDING,ZERO_OBJECTIVE
Uttar Pradesh,upmsp-board,Class 10,General,English Language & Literature,hi,0,200,200,PATTERN_PENDING,ZERO_OBJECTIVE
Uttar Pradesh,upmsp-board,Class 10,General,English Language & Literature,en,0,200,200,PATTERN_PENDING,ZERO_OBJECTIVE
Uttar Pradesh,upmsp-board,Class 10,General,First Language (Regional/Hindi),hi,0,200,200,PATTERN_PENDING,ZERO_OBJECTIVE
Uttar Pradesh,upmsp-board,Class 10,General,First Language (Regional/Hindi),en,0,200,200,PATTERN_PENDING,ZERO_OBJECTIVE
Uttar Pradesh,upmsp-board,Class 12,Science,Physics,hi,0,200,200,PATTERN_PENDING,ZERO_OBJECTIVE
Uttar Pradesh,upmsp-board,Class 12,Science,Physics,en,0,200,200,PATTERN_PENDING,ZERO_OBJECTIVE
Uttar Pradesh,upmsp-board,Class 12,Science,Chemistry,hi,0,200,200,PATTERN_PENDING,ZERO_OBJECTIVE
Uttar Pradesh,upmsp-board,Class 12,Science,Chemistry,en,0,200,200,PATTERN_PENDING,ZERO_OBJECTIVE
Uttar Pradesh,upmsp-board,Class 12,Science,Higher Mathematics,hi,0,200,200,PATTERN_PENDING,ZERO_OBJECTIVE
Uttar Pradesh,upmsp-board,Class 12,Science,Higher Mathematics,en,0,200,200,PATTERN_PENDING,ZERO_OBJECTIVE
Uttar Pradesh,upmsp-board,Class 12,Science,Biology,hi,0,200,200,PATTERN_PENDING,ZERO_OBJECTIVE
Uttar Pradesh,upmsp-board,Class 12,Science,Biology,en,0,200,200,PATTERN_PENDING,ZERO_OBJECTIVE
Uttar Pradesh,upmsp-board,Class 12,Commerce,Accountancy,hi,0,200,200,PATTERN_PENDING,ZERO_OBJECTIVE
Uttar Pradesh,upmsp-board,Class 12,Commerce,Accountancy,en,0,200,200,PATTERN_PENDING,ZERO_OBJECTIVE
Uttar Pradesh,upmsp-board,Class 12,Commerce,Business Studies,hi,0,200,200,PATTERN_PENDING,ZERO_OBJECTIVE
Uttar Pradesh,upmsp-board,Class 12,Commerce,Business Studies,en,0,200,200,PATTERN_PENDING,ZERO_OBJECTIVE
Uttar Pradesh,upmsp-board,Class 12,Commerce,Economics,hi,0,200,200,PATTERN_PENDING,ZERO_OBJECTIVE
Uttar Pradesh,upmsp-board,Class 12,Commerce,Economics,en,0,200,200,PATTERN_PENDING,ZERO_OBJECTIVE
West Bengal,wbbse-wb,Class 10,General,Mathematics,bn,0,200,200,PATTERN_PENDING,ZERO_OBJECTIVE
West Bengal,wbbse-wb,Class 10,General,Mathematics,en,0,200,200,PATTERN_PENDING,ZERO_OBJECTIVE
West Bengal,wbbse-wb,Class 10,General,Mathematics,hi,0,200,200,PATTERN_PENDING,ZERO_OBJECTIVE
West Bengal,wbbse-wb,Class 10,General,Science & Technology,bn,0,200,200,PATTERN_PENDING,ZERO_OBJECTIVE
West Bengal,wbbse-wb,Class 10,General,Science & Technology,en,0,200,200,PATTERN_PENDING,ZERO_OBJECTIVE
West Bengal,wbbse-wb,Class 10,General,Science & Technology,hi,0,200,200,PATTERN_PENDING,ZERO_OBJECTIVE
West Bengal,wbbse-wb,Class 10,General,Social Science,bn,0,200,200,PATTERN_PENDING,ZERO_OBJECTIVE
West Bengal,wbbse-wb,Class 10,General,Social Science,en,0,200,200,PATTERN_PENDING,ZERO_OBJECTIVE
West Bengal,wbbse-wb,Class 10,General,Social Science,hi,0,200,200,PATTERN_PENDING,ZERO_OBJECTIVE
West Bengal,wbbse-wb,Class 10,General,English Language & Literature,bn,0,200,200,PATTERN_PENDING,ZERO_OBJECTIVE
West Bengal,wbbse-wb,Class 10,General,English Language & Literature,en,0,200,200,PATTERN_PENDING,ZERO_OBJECTIVE
West Bengal,wbbse-wb,Class 10,General,English Language & Literature,hi,0,200,200,PATTERN_PENDING,ZERO_OBJECTIVE
West Bengal,wbbse-wb,Class 10,General,First Language (Regional/Hindi),bn,0,200,200,PATTERN_PENDING,ZERO_OBJECTIVE
West Bengal,wbbse-wb,Class 10,General,First Language (Regional/Hindi),en,0,200,200,PATTERN_PENDING,ZERO_OBJECTIVE
West Bengal,wbbse-wb,Class 10,General,First Language (Regional/Hindi),hi,0,200,200,PATTERN_PENDING,ZERO_OBJECTIVE
West Bengal,wbbse-wb,Class 12,Science,Physics,bn,0,200,200,PATTERN_PENDING,ZERO_OBJECTIVE
West Bengal,wbbse-wb,Class 12,Science,Physics,en,0,200,200,PATTERN_PENDING,ZERO_OBJECTIVE
West Bengal,wbbse-wb,Class 12,Science,Physics,hi,0,200,200,PATTERN_PENDING,ZERO_OBJECTIVE
West Bengal,wbbse-wb,Class 12,Science,Chemistry,bn,0,200,200,PATTERN_PENDING,ZERO_OBJECTIVE
West Bengal,wbbse-wb,Class 12,Science,Chemistry,en,0,200,200,PATTERN_PENDING,ZERO_OBJECTIVE
West Bengal,wbbse-wb,Class 12,Science,Chemistry,hi,0,200,200,PATTERN_PENDING,ZERO_OBJECTIVE
West Bengal,wbbse-wb,Class 12,Science,Higher Mathematics,bn,0,200,200,PATTERN_PENDING,ZERO_OBJECTIVE
West Bengal,wbbse-wb,Class 12,Science,Higher Mathematics,en,0,200,200,PATTERN_PENDING,ZERO_OBJECTIVE
West Bengal,wbbse-wb,Class 12,Science,Higher Mathematics,hi,0,200,200,PATTERN_PENDING,ZERO_OBJECTIVE
West Bengal,wbbse-wb,Class 12,Science,Biology,bn,0,200,200,PATTERN_PENDING,ZERO_OBJECTIVE
West Bengal,wbbse-wb,Class 12,Science,Biology,en,0,200,200,PATTERN_PENDING,ZERO_OBJECTIVE
West Bengal,wbbse-wb,Class 12,Science,Biology,hi,0,200,200,PATTERN_PENDING,ZERO_OBJECTIVE
West Bengal,wbbse-wb,Class 12,Commerce,Accountancy,bn,0,200,200,PATTERN_PENDING,ZERO_OBJECTIVE
West Bengal,wbbse-wb,Class 12,Commerce,Accountancy,en,0,200,200,PATTERN_PENDING,ZERO_OBJECTIVE
West Bengal,wbbse-wb,Class 12,Commerce,Accountancy,hi,0,200,200,PATTERN_PENDING,ZERO_OBJECTIVE
West Bengal,wbbse-wb,Class 12,Commerce,Business Studies,bn,0,200,200,PATTERN_PENDING,ZERO_OBJECTIVE
West Bengal,wbbse-wb,Class 12,Commerce,Business Studies,en,0,200,200,PATTERN_PENDING,ZERO_OBJECTIVE
West Bengal,wbbse-wb,Class 12,Commerce,Business Studies,hi,0,200,200,PATTERN_PENDING,ZERO_OBJECTIVE
West Bengal,wbbse-wb,Class 12,Commerce,Economics,bn,0,200,200,PATTERN_PENDING,ZERO_OBJECTIVE
West Bengal,wbbse-wb,Class 12,Commerce,Economics,en,0,200,200,PATTERN_PENDING,ZERO_OBJECTIVE
West Bengal,wbbse-wb,Class 12,Commerce,Economics,hi,0,200,200,PATTERN_PENDING,ZERO_OBJECTIVE
