key_id,paper_id,paper_name,key_version,published_date,verification_status,is_current_key,source_id
"key-cbse-10-sci-2025-sp","paper-cbse-10-sci-2025-sp","CBSE Class 10 Science Official Sample Question Paper 2024-25","FINAL_KEY","2024-07-01","VERIFIED",1,"src-cbse-board-portal"
"key-ctet-2024-p1-cdp","paper-ctet-2024-p1-cdp","CTET Jan 2024 Paper 1 Child Development and Pedagogy","FINAL_KEY","2024-07-01","VERIFIED",1,"src-ctet-exam-portal"
"key-paper-ssc-cgl-2024-t1-s1-corrigendum_key-1790493217141","paper-ssc-cgl-2024-t1-s1","Paper 1","CORRIGENDUM_KEY","2026-09-27","VERIFIED",1,"src-ssc-cgl-portal"
"key-paper-ssc-cgl-2024-t1-s1-corrigendum_key-1790493580832","paper-ssc-cgl-2024-t1-s1","Paper 1","CORRIGENDUM_KEY","2026-09-27","VERIFIED",1,"src-ssc-cgl-portal"
"key-paper-ssc-cgl-2024-t1-s1-corrigendum_key-1790493598324","paper-ssc-cgl-2024-t1-s1","Paper 1","CORRIGENDUM_KEY","2026-09-27","VERIFIED",1,"src-ssc-cgl-portal"
"key-paper-ssc-cgl-2024-t1-s1-corrigendum_key-1790493616205","paper-ssc-cgl-2024-t1-s1","Paper 1","CORRIGENDUM_KEY","2026-09-27","VERIFIED",1,"src-ssc-cgl-portal"
"key-paper-ssc-cgl-2024-t1-s1-corrigendum_key-1790493635331","paper-ssc-cgl-2024-t1-s1","Paper 1","CORRIGENDUM_KEY","2026-09-27","VERIFIED",1,"src-ssc-cgl-portal"
"key-paper-ssc-cgl-2024-t1-s1-corrigendum_key-1790495872824","paper-ssc-cgl-2024-t1-s1","Paper 1","CORRIGENDUM_KEY","2026-09-27","VERIFIED",1,"src-ssc-cgl-portal"
"key-paper-ssc-cgl-2024-t1-s1-corrigendum_key-1790496716501","paper-ssc-cgl-2024-t1-s1","Paper 1","CORRIGENDUM_KEY","2026-09-27","VERIFIED",1,"src-ssc-cgl-portal"
"key-paper-ssc-cgl-2024-t1-s1-corrigendum_key-1790496816906","paper-ssc-cgl-2024-t1-s1","Paper 1","CORRIGENDUM_KEY","2026-09-27","VERIFIED",1,"src-ssc-cgl-portal"
"key-paper-ssc-cgl-2024-t1-s1-corrigendum_key-1790499435884","paper-ssc-cgl-2024-t1-s1","Paper 1","CORRIGENDUM_KEY","2026-09-27","VERIFIED",1,"src-ssc-cgl-portal"
"key-paper-ssc-cgl-2024-t1-s1-corrigendum_key-1790500780945","paper-ssc-cgl-2024-t1-s1","Paper 1","CORRIGENDUM_KEY","2026-09-27","VERIFIED",1,"src-ssc-cgl-portal"
"key-paper-ssc-cgl-2024-t1-s1-corrigendum_key-1790500863355","paper-ssc-cgl-2024-t1-s1","Paper 1","CORRIGENDUM_KEY","2026-09-27","VERIFIED",1,"src-ssc-cgl-portal"
"key-paper-ssc-cgl-2024-t1-s1-corrigendum_key-1790501386664","paper-ssc-cgl-2024-t1-s1","Paper 1","CORRIGENDUM_KEY","2026-09-27","VERIFIED",1,"src-ssc-cgl-portal"
"key-paper-ssc-cgl-2024-t1-s1-corrigendum_key-1790501526058","paper-ssc-cgl-2024-t1-s1","Paper 1","CORRIGENDUM_KEY","2026-09-27","VERIFIED",1,"src-ssc-cgl-portal"
"key-paper-ssc-cgl-2024-t1-s1-corrigendum_key-1790501759162","paper-ssc-cgl-2024-t1-s1","Paper 1","CORRIGENDUM_KEY","2026-09-27","VERIFIED",1,"src-ssc-cgl-portal"
"key-paper-ssc-cgl-2024-t1-s1-corrigendum_key-1790501825484","paper-ssc-cgl-2024-t1-s1","Paper 1","CORRIGENDUM_KEY","2026-09-27","VERIFIED",1,"src-ssc-cgl-portal"
"key-paper-ssc-cgl-2024-t1-s1-corrigendum_key-1790502096358","paper-ssc-cgl-2024-t1-s1","Paper 1","CORRIGENDUM_KEY","2026-09-27","VERIFIED",1,"src-ssc-cgl-portal"
"key-paper-ssc-cgl-2024-t1-s1-corrigendum_key-1790505646049","paper-ssc-cgl-2024-t1-s1","Paper 1","CORRIGENDUM_KEY","2026-09-27","VERIFIED",1,"src-ssc-cgl-portal"
"key-paper-ssc-cgl-2024-t1-s1-corrigendum_key-1790506641812","paper-ssc-cgl-2024-t1-s1","Paper 1","CORRIGENDUM_KEY","2026-09-27","VERIFIED",1,"src-ssc-cgl-portal"
"key-paper-ssc-cgl-2024-t1-s1-corrigendum_key-1790507880946","paper-ssc-cgl-2024-t1-s1","Paper 1","CORRIGENDUM_KEY","2026-09-27","VERIFIED",1,"src-ssc-cgl-portal"
"key-paper-ssc-cgl-2024-t1-s1-corrigendum_key-1790508332915","paper-ssc-cgl-2024-t1-s1","Paper 1","CORRIGENDUM_KEY","2026-09-27","VERIFIED",1,"src-ssc-cgl-portal"
"key-paper-ssc-cgl-2024-t1-s1-corrigendum_key-1790508422424","paper-ssc-cgl-2024-t1-s1","Paper 1","CORRIGENDUM_KEY","2026-09-27","VERIFIED",1,"src-ssc-cgl-portal"
"key-paper-ssc-cgl-2024-t1-s1-corrigendum_key-1790509186006","paper-ssc-cgl-2024-t1-s1","Paper 1","CORRIGENDUM_KEY","2026-09-27","VERIFIED",1,"src-ssc-cgl-portal"
"key-paper-ssc-cgl-2024-t1-s1-corrigendum_key-1790509401074","paper-ssc-cgl-2024-t1-s1","Paper 1","CORRIGENDUM_KEY","2026-09-27","VERIFIED",1,"src-ssc-cgl-portal"
"key-paper-ssc-cgl-2024-t1-s1-corrigendum_key-1790509612346","paper-ssc-cgl-2024-t1-s1","Paper 1","CORRIGENDUM_KEY","2026-09-27","VERIFIED",1,"src-ssc-cgl-portal"
"key-paper-ssc-cgl-2024-t1-s1-corrigendum_key-1790509627230","paper-ssc-cgl-2024-t1-s1","Paper 1","CORRIGENDUM_KEY","2026-09-27","VERIFIED",1,"src-ssc-cgl-portal"
"key-paper-ssc-cgl-2024-t1-s1-corrigendum_key-1790512023333","paper-ssc-cgl-2024-t1-s1","Paper 1","CORRIGENDUM_KEY","2026-09-27","VERIFIED",1,"src-ssc-cgl-portal"
"key-paper-ssc-cgl-2024-t1-s1-corrigendum_key-1790512120738","paper-ssc-cgl-2024-t1-s1","Paper 1","CORRIGENDUM_KEY","2026-09-27","VERIFIED",1,"src-ssc-cgl-portal"
"key-paper-ssc-cgl-2024-t1-s1-corrigendum_key-1790513373146","paper-ssc-cgl-2024-t1-s1","Paper 1","CORRIGENDUM_KEY","2026-09-27","VERIFIED",1,"src-ssc-cgl-portal"
"key-paper-ssc-cgl-2024-t1-s1-corrigendum_key-1790513900590","paper-ssc-cgl-2024-t1-s1","Paper 1","CORRIGENDUM_KEY","2026-09-27","VERIFIED",1,"src-ssc-cgl-portal"
"key-paper-ssc-cgl-2024-t1-s1-corrigendum_key-1790514010338","paper-ssc-cgl-2024-t1-s1","Paper 1","CORRIGENDUM_KEY","2026-09-27","VERIFIED",1,"src-ssc-cgl-portal"
"key-paper-ssc-cgl-2024-t1-s1-corrigendum_key-1790515560699","paper-ssc-cgl-2024-t1-s1","Paper 1","CORRIGENDUM_KEY","2026-09-27","VERIFIED",1,"src-ssc-cgl-portal"
"key-paper-ssc-cgl-2024-t1-s1-corrigendum_key-1790515659770","paper-ssc-cgl-2024-t1-s1","Paper 1","CORRIGENDUM_KEY","2026-09-27","VERIFIED",1,"src-ssc-cgl-portal"
"key-paper-ssc-cgl-2024-t1-s1-corrigendum_key-1790516016053","paper-ssc-cgl-2024-t1-s1","Paper 1","CORRIGENDUM_KEY","2026-09-27","VERIFIED",1,"src-ssc-cgl-portal"
"key-paper-ssc-cgl-2024-t1-s1-corrigendum_key-1790516223575","paper-ssc-cgl-2024-t1-s1","Paper 1","CORRIGENDUM_KEY","2026-09-27","VERIFIED",1,"src-ssc-cgl-portal"
"key-paper-ssc-cgl-2024-t1-s1-corrigendum_key-1790517164755","paper-ssc-cgl-2024-t1-s1","Paper 1","CORRIGENDUM_KEY","2026-09-27","VERIFIED",1,"src-ssc-cgl-portal"
"key-paper-ssc-cgl-2024-t1-s1-corrigendum_key-1790518002170","paper-ssc-cgl-2024-t1-s1","Paper 1","CORRIGENDUM_KEY","2026-09-27","VERIFIED",1,"src-ssc-cgl-portal"
"key-paper-ssc-cgl-2024-t1-s1-corrigendum_key-1790518961754","paper-ssc-cgl-2024-t1-s1","Paper 1","CORRIGENDUM_KEY","2026-09-27","VERIFIED",1,"src-ssc-cgl-portal"
"key-paper-ssc-cgl-2024-t1-s1-corrigendum_key-1790519753056","paper-ssc-cgl-2024-t1-s1","Paper 1","CORRIGENDUM_KEY","2026-09-27","VERIFIED",1,"src-ssc-cgl-portal"
"key-paper-ssc-cgl-2024-t1-s1-corrigendum_key-1790520103368","paper-ssc-cgl-2024-t1-s1","Paper 1","CORRIGENDUM_KEY","2026-09-27","VERIFIED",1,"src-ssc-cgl-portal"
"key-paper-ssc-cgl-2024-t1-s1-corrigendum_key-1790520261249","paper-ssc-cgl-2024-t1-s1","Paper 1","CORRIGENDUM_KEY","2026-09-27","VERIFIED",1,"src-ssc-cgl-portal"
"key-paper-ssc-cgl-2024-t1-s1-corrigendum_key-1790520307632","paper-ssc-cgl-2024-t1-s1","Paper 1","CORRIGENDUM_KEY","2026-09-27","VERIFIED",1,"src-ssc-cgl-portal"
"key-paper-ssc-cgl-2024-t1-s1-corrigendum_key-1790521854838","paper-ssc-cgl-2024-t1-s1","Paper 1","CORRIGENDUM_KEY","2026-09-27","VERIFIED",1,"src-ssc-cgl-portal"
"key-paper-ssc-cgl-2024-t1-s1-corrigendum_key-1790521953152","paper-ssc-cgl-2024-t1-s1","Paper 1","CORRIGENDUM_KEY","2026-09-27","VERIFIED",1,"src-ssc-cgl-portal"
"key-paper-ssc-cgl-2024-t1-s1-corrigendum_key-1790522671167","paper-ssc-cgl-2024-t1-s1","Paper 1","CORRIGENDUM_KEY","2026-09-27","VERIFIED",1,"src-ssc-cgl-portal"
"key-paper-ssc-cgl-2024-t1-s1-corrigendum_key-1790522823646","paper-ssc-cgl-2024-t1-s1","Paper 1","CORRIGENDUM_KEY","2026-09-27","VERIFIED",1,"src-ssc-cgl-portal"
"key-paper-ssc-cgl-2024-t1-s1-corrigendum_key-1790522857563","paper-ssc-cgl-2024-t1-s1","Paper 1","CORRIGENDUM_KEY","2026-09-27","VERIFIED",1,"src-ssc-cgl-portal"
"key-paper-ssc-cgl-2024-t1-s1-corrigendum_key-1790523700171","paper-ssc-cgl-2024-t1-s1","Paper 1","CORRIGENDUM_KEY","2026-09-27","VERIFIED",1,"src-ssc-cgl-portal"
"key-paper-ssc-cgl-2024-t1-s1-corrigendum_key-1790523956565","paper-ssc-cgl-2024-t1-s1","Paper 1","CORRIGENDUM_KEY","2026-09-27","VERIFIED",1,"src-ssc-cgl-portal"
"key-paper-ssc-cgl-2024-t1-s1-corrigendum_key-1790524289032","paper-ssc-cgl-2024-t1-s1","Paper 1","CORRIGENDUM_KEY","2026-09-27","VERIFIED",1,"src-ssc-cgl-portal"
"key-paper-ssc-cgl-2024-t1-s1-corrigendum_key-1790525591888","paper-ssc-cgl-2024-t1-s1","Paper 1","CORRIGENDUM_KEY","2026-09-27","VERIFIED",1,"src-ssc-cgl-portal"
"key-paper-ssc-cgl-2024-t1-s1-corrigendum_key-1790526275244","paper-ssc-cgl-2024-t1-s1","Paper 1","CORRIGENDUM_KEY","2026-09-27","VERIFIED",1,"src-ssc-cgl-portal"
"key-paper-ssc-cgl-2024-t1-s1-corrigendum_key-1790526604220","paper-ssc-cgl-2024-t1-s1","Paper 1","CORRIGENDUM_KEY","2026-09-27","VERIFIED",1,"src-ssc-cgl-portal"
"key-paper-ssc-cgl-2024-t1-s1-corrigendum_key-1790644411662","paper-ssc-cgl-2024-t1-s1","Paper 1","CORRIGENDUM_KEY","2026-09-29","VERIFIED",1,"src-ssc-cgl-portal"
"key-paper-ssc-cgl-2024-t1-s1-final_key-1790483540862","paper-ssc-cgl-2024-t1-s1","Paper 1","FINAL_KEY","2026-09-27","VERIFIED",1,"src-ssc-cgl-portal"
"key-paper-ssc-cgl-2024-t1-s1-final_key-1790493108707","paper-ssc-cgl-2024-t1-s1","Paper 1","FINAL_KEY","2026-09-27","VERIFIED",1,"src-ssc-cgl-portal"
"key-paper-ssc-cgl-2024-t1-s1-final_key-1790493146365","paper-ssc-cgl-2024-t1-s1","Paper 1","FINAL_KEY","2026-09-27","VERIFIED",1,"src-ssc-cgl-portal"
"key-paper-ssc-cgl-2024-t1-s1-revised_key-1790493217140","paper-ssc-cgl-2024-t1-s1","Paper 1","REVISED_KEY","2026-09-27","VERIFIED",1,"src-ssc-cgl-portal"
"key-paper-ssc-cgl-2024-t1-s1-revised_key-1790493580831","paper-ssc-cgl-2024-t1-s1","Paper 1","REVISED_KEY","2026-09-27","VERIFIED",1,"src-ssc-cgl-portal"
"key-paper-ssc-cgl-2024-t1-s1-revised_key-1790493598323","paper-ssc-cgl-2024-t1-s1","Paper 1","REVISED_KEY","2026-09-27","VERIFIED",1,"src-ssc-cgl-portal"
"key-paper-ssc-cgl-2024-t1-s1-revised_key-1790493616204","paper-ssc-cgl-2024-t1-s1","Paper 1","REVISED_KEY","2026-09-27","VERIFIED",1,"src-ssc-cgl-portal"
"key-paper-ssc-cgl-2024-t1-s1-revised_key-1790493635330","paper-ssc-cgl-2024-t1-s1","Paper 1","REVISED_KEY","2026-09-27","VERIFIED",1,"src-ssc-cgl-portal"
"key-paper-ssc-cgl-2024-t1-s1-revised_key-1790495872824","paper-ssc-cgl-2024-t1-s1","Paper 1","REVISED_KEY","2026-09-27","VERIFIED",1,"src-ssc-cgl-portal"
"key-paper-ssc-cgl-2024-t1-s1-revised_key-1790496716500","paper-ssc-cgl-2024-t1-s1","Paper 1","REVISED_KEY","2026-09-27","VERIFIED",1,"src-ssc-cgl-portal"
"key-paper-ssc-cgl-2024-t1-s1-revised_key-1790496816905","paper-ssc-cgl-2024-t1-s1","Paper 1","REVISED_KEY","2026-09-27","VERIFIED",1,"src-ssc-cgl-portal"
"key-paper-ssc-cgl-2024-t1-s1-revised_key-1790499435883","paper-ssc-cgl-2024-t1-s1","Paper 1","REVISED_KEY","2026-09-27","VERIFIED",1,"src-ssc-cgl-portal"
"key-paper-ssc-cgl-2024-t1-s1-revised_key-1790500780944","paper-ssc-cgl-2024-t1-s1","Paper 1","REVISED_KEY","2026-09-27","VERIFIED",1,"src-ssc-cgl-portal"
"key-paper-ssc-cgl-2024-t1-s1-revised_key-1790500863353","paper-ssc-cgl-2024-t1-s1","Paper 1","REVISED_KEY","2026-09-27","VERIFIED",1,"src-ssc-cgl-portal"
"key-paper-ssc-cgl-2024-t1-s1-revised_key-1790501386663","paper-ssc-cgl-2024-t1-s1","Paper 1","REVISED_KEY","2026-09-27","VERIFIED",1,"src-ssc-cgl-portal"
"key-paper-ssc-cgl-2024-t1-s1-revised_key-1790501526056","paper-ssc-cgl-2024-t1-s1","Paper 1","REVISED_KEY","2026-09-27","VERIFIED",1,"src-ssc-cgl-portal"
"key-paper-ssc-cgl-2024-t1-s1-revised_key-1790501759161","paper-ssc-cgl-2024-t1-s1","Paper 1","REVISED_KEY","2026-09-27","VERIFIED",1,"src-ssc-cgl-portal"
"key-paper-ssc-cgl-2024-t1-s1-revised_key-1790501825482","paper-ssc-cgl-2024-t1-s1","Paper 1","REVISED_KEY","2026-09-27","VERIFIED",1,"src-ssc-cgl-portal"
"key-paper-ssc-cgl-2024-t1-s1-revised_key-1790502096356","paper-ssc-cgl-2024-t1-s1","Paper 1","REVISED_KEY","2026-09-27","VERIFIED",1,"src-ssc-cgl-portal"
"key-paper-ssc-cgl-2024-t1-s1-revised_key-1790505646048","paper-ssc-cgl-2024-t1-s1","Paper 1","REVISED_KEY","2026-09-27","VERIFIED",1,"src-ssc-cgl-portal"
"key-paper-ssc-cgl-2024-t1-s1-revised_key-1790506641811","paper-ssc-cgl-2024-t1-s1","Paper 1","REVISED_KEY","2026-09-27","VERIFIED",1,"src-ssc-cgl-portal"
"key-paper-ssc-cgl-2024-t1-s1-revised_key-1790507880944","paper-ssc-cgl-2024-t1-s1","Paper 1","REVISED_KEY","2026-09-27","VERIFIED",1,"src-ssc-cgl-portal"
"key-paper-ssc-cgl-2024-t1-s1-revised_key-1790508332913","paper-ssc-cgl-2024-t1-s1","Paper 1","REVISED_KEY","2026-09-27","VERIFIED",1,"src-ssc-cgl-portal"
"key-paper-ssc-cgl-2024-t1-s1-revised_key-1790508422423","paper-ssc-cgl-2024-t1-s1","Paper 1","REVISED_KEY","2026-09-27","VERIFIED",1,"src-ssc-cgl-portal"
"key-paper-ssc-cgl-2024-t1-s1-revised_key-1790509186005","paper-ssc-cgl-2024-t1-s1","Paper 1","REVISED_KEY","2026-09-27","VERIFIED",1,"src-ssc-cgl-portal"
"key-paper-ssc-cgl-2024-t1-s1-revised_key-1790509401073","paper-ssc-cgl-2024-t1-s1","Paper 1","REVISED_KEY","2026-09-27","VERIFIED",1,"src-ssc-cgl-portal"
"key-paper-ssc-cgl-2024-t1-s1-revised_key-1790509612345","paper-ssc-cgl-2024-t1-s1","Paper 1","REVISED_KEY","2026-09-27","VERIFIED",1,"src-ssc-cgl-portal"
"key-paper-ssc-cgl-2024-t1-s1-revised_key-1790509627229","paper-ssc-cgl-2024-t1-s1","Paper 1","REVISED_KEY","2026-09-27","VERIFIED",1,"src-ssc-cgl-portal"
"key-paper-ssc-cgl-2024-t1-s1-revised_key-1790512023332","paper-ssc-cgl-2024-t1-s1","Paper 1","REVISED_KEY","2026-09-27","VERIFIED",1,"src-ssc-cgl-portal"
"key-paper-ssc-cgl-2024-t1-s1-revised_key-1790512120737","paper-ssc-cgl-2024-t1-s1","Paper 1","REVISED_KEY","2026-09-27","VERIFIED",1,"src-ssc-cgl-portal"
"key-paper-ssc-cgl-2024-t1-s1-revised_key-1790513373145","paper-ssc-cgl-2024-t1-s1","Paper 1","REVISED_KEY","2026-09-27","VERIFIED",1,"src-ssc-cgl-portal"
"key-paper-ssc-cgl-2024-t1-s1-revised_key-1790513900589","paper-ssc-cgl-2024-t1-s1","Paper 1","REVISED_KEY","2026-09-27","VERIFIED",1,"src-ssc-cgl-portal"
"key-paper-ssc-cgl-2024-t1-s1-revised_key-1790514010336","paper-ssc-cgl-2024-t1-s1","Paper 1","REVISED_KEY","2026-09-27","VERIFIED",1,"src-ssc-cgl-portal"
"key-paper-ssc-cgl-2024-t1-s1-revised_key-1790515560697","paper-ssc-cgl-2024-t1-s1","Paper 1","REVISED_KEY","2026-09-27","VERIFIED",1,"src-ssc-cgl-portal"
"key-paper-ssc-cgl-2024-t1-s1-revised_key-1790515659768","paper-ssc-cgl-2024-t1-s1","Paper 1","REVISED_KEY","2026-09-27","VERIFIED",1,"src-ssc-cgl-portal"
"key-paper-ssc-cgl-2024-t1-s1-revised_key-1790516016052","paper-ssc-cgl-2024-t1-s1","Paper 1","REVISED_KEY","2026-09-27","VERIFIED",1,"src-ssc-cgl-portal"
"key-paper-ssc-cgl-2024-t1-s1-revised_key-1790516223574","paper-ssc-cgl-2024-t1-s1","Paper 1","REVISED_KEY","2026-09-27","VERIFIED",1,"src-ssc-cgl-portal"
"key-paper-ssc-cgl-2024-t1-s1-revised_key-1790517164754","paper-ssc-cgl-2024-t1-s1","Paper 1","REVISED_KEY","2026-09-27","VERIFIED",1,"src-ssc-cgl-portal"
"key-paper-ssc-cgl-2024-t1-s1-revised_key-1790518002169","paper-ssc-cgl-2024-t1-s1","Paper 1","REVISED_KEY","2026-09-27","VERIFIED",1,"src-ssc-cgl-portal"
"key-paper-ssc-cgl-2024-t1-s1-revised_key-1790518961752","paper-ssc-cgl-2024-t1-s1","Paper 1","REVISED_KEY","2026-09-27","VERIFIED",1,"src-ssc-cgl-portal"
"key-paper-ssc-cgl-2024-t1-s1-revised_key-1790519753053","paper-ssc-cgl-2024-t1-s1","Paper 1","REVISED_KEY","2026-09-27","VERIFIED",1,"src-ssc-cgl-portal"
"key-paper-ssc-cgl-2024-t1-s1-revised_key-1790520103367","paper-ssc-cgl-2024-t1-s1","Paper 1","REVISED_KEY","2026-09-27","VERIFIED",1,"src-ssc-cgl-portal"
"key-paper-ssc-cgl-2024-t1-s1-revised_key-1790520261248","paper-ssc-cgl-2024-t1-s1","Paper 1","REVISED_KEY","2026-09-27","VERIFIED",1,"src-ssc-cgl-portal"
"key-paper-ssc-cgl-2024-t1-s1-revised_key-1790520307631","paper-ssc-cgl-2024-t1-s1","Paper 1","REVISED_KEY","2026-09-27","VERIFIED",1,"src-ssc-cgl-portal"
"key-paper-ssc-cgl-2024-t1-s1-revised_key-1790521854837","paper-ssc-cgl-2024-t1-s1","Paper 1","REVISED_KEY","2026-09-27","VERIFIED",1,"src-ssc-cgl-portal"
"key-paper-ssc-cgl-2024-t1-s1-revised_key-1790521953151","paper-ssc-cgl-2024-t1-s1","Paper 1","REVISED_KEY","2026-09-27","VERIFIED",1,"src-ssc-cgl-portal"
"key-paper-ssc-cgl-2024-t1-s1-revised_key-1790522671166","paper-ssc-cgl-2024-t1-s1","Paper 1","REVISED_KEY","2026-09-27","VERIFIED",1,"src-ssc-cgl-portal"
"key-paper-ssc-cgl-2024-t1-s1-revised_key-1790522823645","paper-ssc-cgl-2024-t1-s1","Paper 1","REVISED_KEY","2026-09-27","VERIFIED",1,"src-ssc-cgl-portal"
"key-paper-ssc-cgl-2024-t1-s1-revised_key-1790522857561","paper-ssc-cgl-2024-t1-s1","Paper 1","REVISED_KEY","2026-09-27","VERIFIED",1,"src-ssc-cgl-portal"
"key-paper-ssc-cgl-2024-t1-s1-revised_key-1790523700170","paper-ssc-cgl-2024-t1-s1","Paper 1","REVISED_KEY","2026-09-27","VERIFIED",1,"src-ssc-cgl-portal"
"key-paper-ssc-cgl-2024-t1-s1-revised_key-1790523956563","paper-ssc-cgl-2024-t1-s1","Paper 1","REVISED_KEY","2026-09-27","VERIFIED",1,"src-ssc-cgl-portal"
"key-paper-ssc-cgl-2024-t1-s1-revised_key-1790524289031","paper-ssc-cgl-2024-t1-s1","Paper 1","REVISED_KEY","2026-09-27","VERIFIED",1,"src-ssc-cgl-portal"
"key-paper-ssc-cgl-2024-t1-s1-revised_key-1790525591886","paper-ssc-cgl-2024-t1-s1","Paper 1","REVISED_KEY","2026-09-27","VERIFIED",1,"src-ssc-cgl-portal"
"key-paper-ssc-cgl-2024-t1-s1-revised_key-1790526275242","paper-ssc-cgl-2024-t1-s1","Paper 1","REVISED_KEY","2026-09-27","VERIFIED",1,"src-ssc-cgl-portal"
"key-paper-ssc-cgl-2024-t1-s1-revised_key-1790526604218","paper-ssc-cgl-2024-t1-s1","Paper 1","REVISED_KEY","2026-09-27","VERIFIED",1,"src-ssc-cgl-portal"
"key-paper-ssc-cgl-2024-t1-s1-revised_key-1790644411660","paper-ssc-cgl-2024-t1-s1","Paper 1","REVISED_KEY","2026-09-29","VERIFIED",1,"src-ssc-cgl-portal"
"key-rrb-ntpc-2024-cbt1","paper-rrb-ntpc-2024-cbt1-ga","RRB NTPC CBT-1 Official Shift 1 General Awareness","FINAL_KEY","2024-07-01","VERIFIED",1,"src-rrb-ntpc-portal"
"key-upp-constable-2024","paper-upp-constable-2024-s2-gk","UP Police Constable 2024 Shift 2 General Knowledge Paper","FINAL_KEY","2024-07-01","VERIFIED",1,"src-up-police-constable-portal"
"key-upsc-cse-2024-gs1","paper-upsc-cse-2024-gs1","UPSC CSE Prelims 2024 GS Paper 1","FINAL_KEY","2024-07-01","VERIFIED",1,"src-upsc-cse-portal"
