question_id,paper_id,exam_id,board_id,stage,subject_id,source_type,marks,full_exam_status
"q-cbse-10-sci-2023-q1","paper-cbse-10-sci-2023-set1","cbse-board","","","subj-science","OFFICIAL_PYQ",2,"ELIGIBLE"
"q-ibps-po-2023-pre-q1","paper-ibps-po-2023-pre-s1","ibps-po-clerk","","","subj-math","OFFICIAL_PYQ",2,"ELIGIBLE"
"q-ibps-po-2023-pre-q2","paper-ibps-po-2023-pre-s1","ibps-po-clerk","","","subj-reasoning","OFFICIAL_PYQ",2,"ELIGIBLE"
"q-nta-neet-2023-q1","paper-nta-neet-2023-code-f1","nta-neet","","","subj-biology","OFFICIAL_PYQ",2,"ELIGIBLE"
"q-nta-neet-2023-q2","paper-nta-neet-2023-code-f1","nta-neet","","","subj-physics","OFFICIAL_PYQ",2,"ELIGIBLE"
"q-rrb-ntpc-2022-cbt1-q1","paper-rrb-ntpc-2022-cbt1-s1","rrb-ntpc","","","subj-science","OFFICIAL_PYQ",2,"ELIGIBLE"
"q-rrb-ntpc-2022-cbt1-q2","paper-rrb-ntpc-2022-cbt1-s1","rrb-ntpc","","","subj-math","OFFICIAL_PYQ",2,"ELIGIBLE"
"q-ssc-cgl-2022-t1-s1-q1","paper-ssc-cgl-2022-t1-s1","ssc-cgl","","","subj-gk","OFFICIAL_PYQ",2,"ELIGIBLE"
"q-ssc-cgl-2022-t1-s1-q2","paper-ssc-cgl-2022-t1-s1","ssc-cgl","","","subj-math","OFFICIAL_PYQ",2,"ELIGIBLE"
"q-ssc-cgl-2022-t1-s1-q3","paper-ssc-cgl-2022-t1-s1","ssc-cgl","","","subj-reasoning","OFFICIAL_PYQ",2,"ELIGIBLE"
"q-ssc-cgl-2023-t1-s1-q1","paper-ssc-cgl-2023-t1-s1","ssc-cgl","","","subj-gk","OFFICIAL_PYQ",2,"ELIGIBLE"
"q-ssc-cgl-2023-t1-s1-q2","paper-ssc-cgl-2023-t1-s1","ssc-cgl","","","subj-math","OFFICIAL_PYQ",2,"ELIGIBLE"
"q-ssc-cgl-2023-t1-s1-q3","paper-ssc-cgl-2023-t1-s1","ssc-cgl","","","subj-reasoning","OFFICIAL_PYQ",2,"ELIGIBLE"
"q-ssc-cgl-undefined-Tier 1-Shift 1-q1","paper-ssc-cgl-2024-t1-s1","ssc-cgl","","Tier 1","subj-reasoning","OFFICIAL_PYQ",2,"ELIGIBLE"
"q-ssc-cgl-undefined-Tier 1-Shift 1-q10","paper-ssc-cgl-2024-t1-s1","ssc-cgl","","Tier 1","subj-reasoning","OFFICIAL_PYQ",2,"ELIGIBLE"
"q-ssc-cgl-undefined-Tier 1-Shift 1-q100","paper-ssc-cgl-2024-t1-s1","ssc-cgl","","Tier 1","subj-english","OFFICIAL_PYQ",2,"ELIGIBLE"
"q-ssc-cgl-undefined-Tier 1-Shift 1-q101","paper-ssc-cgl-2024-t1-s1","ssc-cgl","","Tier 1","subj-reasoning","OFFICIAL_PYQ",2,"ELIGIBLE"
"q-ssc-cgl-undefined-Tier 1-Shift 1-q11","paper-ssc-cgl-2024-t1-s1","ssc-cgl","","Tier 1","subj-reasoning","OFFICIAL_PYQ",2,"ELIGIBLE"
"q-ssc-cgl-undefined-Tier 1-Shift 1-q12","paper-ssc-cgl-2024-t1-s1","ssc-cgl","","Tier 1","subj-reasoning","OFFICIAL_PYQ",2,"ELIGIBLE"
"q-ssc-cgl-undefined-Tier 1-Shift 1-q13","paper-ssc-cgl-2024-t1-s1","ssc-cgl","","Tier 1","subj-reasoning","OFFICIAL_PYQ",2,"ELIGIBLE"
"q-ssc-cgl-undefined-Tier 1-Shift 1-q14","paper-ssc-cgl-2024-t1-s1","ssc-cgl","","Tier 1","subj-reasoning","OFFICIAL_PYQ",2,"ELIGIBLE"
"q-ssc-cgl-undefined-Tier 1-Shift 1-q15","paper-ssc-cgl-2024-t1-s1","ssc-cgl","","Tier 1","subj-reasoning","OFFICIAL_PYQ",2,"ELIGIBLE"
"q-ssc-cgl-undefined-Tier 1-Shift 1-q16","paper-ssc-cgl-2024-t1-s1","ssc-cgl","","Tier 1","subj-reasoning","OFFICIAL_PYQ",2,"ELIGIBLE"
"q-ssc-cgl-undefined-Tier 1-Shift 1-q17","paper-ssc-cgl-2024-t1-s1","ssc-cgl","","Tier 1","subj-reasoning","OFFICIAL_PYQ",2,"ELIGIBLE"
"q-ssc-cgl-undefined-Tier 1-Shift 1-q18","paper-ssc-cgl-2024-t1-s1","ssc-cgl","","Tier 1","subj-reasoning","OFFICIAL_PYQ",2,"ELIGIBLE"
"q-ssc-cgl-undefined-Tier 1-Shift 1-q19","paper-ssc-cgl-2024-t1-s1","ssc-cgl","","Tier 1","subj-reasoning","OFFICIAL_PYQ",2,"ELIGIBLE"
"q-ssc-cgl-undefined-Tier 1-Shift 1-q2","paper-ssc-cgl-2024-t1-s1","ssc-cgl","","Tier 1","subj-reasoning","OFFICIAL_PYQ",2,"ELIGIBLE"
"q-ssc-cgl-undefined-Tier 1-Shift 1-q20","paper-ssc-cgl-2024-t1-s1","ssc-cgl","","Tier 1","subj-reasoning","OFFICIAL_PYQ",2,"ELIGIBLE"
"q-ssc-cgl-undefined-Tier 1-Shift 1-q21","paper-ssc-cgl-2024-t1-s1","ssc-cgl","","Tier 1","subj-reasoning","OFFICIAL_PYQ",2,"ELIGIBLE"
"q-ssc-cgl-undefined-Tier 1-Shift 1-q22","paper-ssc-cgl-2024-t1-s1","ssc-cgl","","Tier 1","subj-reasoning","OFFICIAL_PYQ",2,"ELIGIBLE"
"q-ssc-cgl-undefined-Tier 1-Shift 1-q24","paper-ssc-cgl-2024-t1-s1","ssc-cgl","","Tier 1","subj-reasoning","OFFICIAL_PYQ",2,"ELIGIBLE"
"q-ssc-cgl-undefined-Tier 1-Shift 1-q25","paper-ssc-cgl-2024-t1-s1","ssc-cgl","","Tier 1","subj-reasoning","OFFICIAL_PYQ",2,"ELIGIBLE"
"q-ssc-cgl-undefined-Tier 1-Shift 1-q26","paper-ssc-cgl-2024-t1-s1","ssc-cgl","","Tier 1","subj-gk","OFFICIAL_PYQ",2,"ELIGIBLE"
"q-ssc-cgl-undefined-Tier 1-Shift 1-q27","paper-ssc-cgl-2024-t1-s1","ssc-cgl","","Tier 1","subj-gk","OFFICIAL_PYQ",2,"ELIGIBLE"
"q-ssc-cgl-undefined-Tier 1-Shift 1-q28","paper-ssc-cgl-2024-t1-s1","ssc-cgl","","Tier 1","subj-gk","OFFICIAL_PYQ",2,"ELIGIBLE"
"q-ssc-cgl-undefined-Tier 1-Shift 1-q29","paper-ssc-cgl-2024-t1-s1","ssc-cgl","","Tier 1","subj-gk","OFFICIAL_PYQ",2,"ELIGIBLE"
"q-ssc-cgl-undefined-Tier 1-Shift 1-q3","paper-ssc-cgl-2024-t1-s1","ssc-cgl","","Tier 1","subj-reasoning","OFFICIAL_PYQ",2,"ELIGIBLE"
"q-ssc-cgl-undefined-Tier 1-Shift 1-q30","paper-ssc-cgl-2024-t1-s1","ssc-cgl","","Tier 1","subj-gk","OFFICIAL_PYQ",2,"ELIGIBLE"
"q-ssc-cgl-undefined-Tier 1-Shift 1-q31","paper-ssc-cgl-2024-t1-s1","ssc-cgl","","Tier 1","subj-gk","OFFICIAL_PYQ",2,"ELIGIBLE"
"q-ssc-cgl-undefined-Tier 1-Shift 1-q32","paper-ssc-cgl-2024-t1-s1","ssc-cgl","","Tier 1","subj-gk","OFFICIAL_PYQ",2,"ELIGIBLE"
"q-ssc-cgl-undefined-Tier 1-Shift 1-q33","paper-ssc-cgl-2024-t1-s1","ssc-cgl","","Tier 1","subj-gk","OFFICIAL_PYQ",2,"ELIGIBLE"
"q-ssc-cgl-undefined-Tier 1-Shift 1-q34","paper-ssc-cgl-2024-t1-s1","ssc-cgl","","Tier 1","subj-gk","OFFICIAL_PYQ",2,"ELIGIBLE"
"q-ssc-cgl-undefined-Tier 1-Shift 1-q35","paper-ssc-cgl-2024-t1-s1","ssc-cgl","","Tier 1","subj-gk","OFFICIAL_PYQ",2,"ELIGIBLE"
"q-ssc-cgl-undefined-Tier 1-Shift 1-q36","paper-ssc-cgl-2024-t1-s1","ssc-cgl","","Tier 1","subj-gk","OFFICIAL_PYQ",2,"ELIGIBLE"
"q-ssc-cgl-undefined-Tier 1-Shift 1-q37","paper-ssc-cgl-2024-t1-s1","ssc-cgl","","Tier 1","subj-gk","OFFICIAL_PYQ",2,"ELIGIBLE"
"q-ssc-cgl-undefined-Tier 1-Shift 1-q38","paper-ssc-cgl-2024-t1-s1","ssc-cgl","","Tier 1","subj-gk","OFFICIAL_PYQ",2,"ELIGIBLE"
"q-ssc-cgl-undefined-Tier 1-Shift 1-q39","paper-ssc-cgl-2024-t1-s1","ssc-cgl","","Tier 1","subj-gk","OFFICIAL_PYQ",2,"ELIGIBLE"
"q-ssc-cgl-undefined-Tier 1-Shift 1-q4","paper-ssc-cgl-2024-t1-s1","ssc-cgl","","Tier 1","subj-reasoning","OFFICIAL_PYQ",2,"ELIGIBLE"
"q-ssc-cgl-undefined-Tier 1-Shift 1-q40","paper-ssc-cgl-2024-t1-s1","ssc-cgl","","Tier 1","subj-gk","OFFICIAL_PYQ",2,"ELIGIBLE"
"q-ssc-cgl-undefined-Tier 1-Shift 1-q41","paper-ssc-cgl-2024-t1-s1","ssc-cgl","","Tier 1","subj-gk","OFFICIAL_PYQ",2,"ELIGIBLE"
"q-ssc-cgl-undefined-Tier 1-Shift 1-q42","paper-ssc-cgl-2024-t1-s1","ssc-cgl","","Tier 1","subj-gk","OFFICIAL_PYQ",2,"ELIGIBLE"
"q-ssc-cgl-undefined-Tier 1-Shift 1-q43","paper-ssc-cgl-2024-t1-s1","ssc-cgl","","Tier 1","subj-gk","OFFICIAL_PYQ",2,"ELIGIBLE"
"q-ssc-cgl-undefined-Tier 1-Shift 1-q44","paper-ssc-cgl-2024-t1-s1","ssc-cgl","","Tier 1","subj-gk","OFFICIAL_PYQ",2,"ELIGIBLE"
"q-ssc-cgl-undefined-Tier 1-Shift 1-q45","paper-ssc-cgl-2024-t1-s1","ssc-cgl","","Tier 1","subj-gk","OFFICIAL_PYQ",2,"ELIGIBLE"
"q-ssc-cgl-undefined-Tier 1-Shift 1-q46","paper-ssc-cgl-2024-t1-s1","ssc-cgl","","Tier 1","subj-gk","OFFICIAL_PYQ",2,"ELIGIBLE"
"q-ssc-cgl-undefined-Tier 1-Shift 1-q47","paper-ssc-cgl-2024-t1-s1","ssc-cgl","","Tier 1","subj-gk","OFFICIAL_PYQ",2,"ELIGIBLE"
"q-ssc-cgl-undefined-Tier 1-Shift 1-q48","paper-ssc-cgl-2024-t1-s1","ssc-cgl","","Tier 1","subj-gk","OFFICIAL_PYQ",2,"ELIGIBLE"
"q-ssc-cgl-undefined-Tier 1-Shift 1-q49","paper-ssc-cgl-2024-t1-s1","ssc-cgl","","Tier 1","subj-gk","OFFICIAL_PYQ",2,"ELIGIBLE"
"q-ssc-cgl-undefined-Tier 1-Shift 1-q5","paper-ssc-cgl-2024-t1-s1","ssc-cgl","","Tier 1","subj-reasoning","OFFICIAL_PYQ",2,"ELIGIBLE"
"q-ssc-cgl-undefined-Tier 1-Shift 1-q50","paper-ssc-cgl-2024-t1-s1","ssc-cgl","","Tier 1","subj-gk","OFFICIAL_PYQ",2,"ELIGIBLE"
"q-ssc-cgl-undefined-Tier 1-Shift 1-q51","paper-ssc-cgl-2024-t1-s1","ssc-cgl","","Tier 1","subj-math","OFFICIAL_PYQ",2,"ELIGIBLE"
"q-ssc-cgl-undefined-Tier 1-Shift 1-q52","paper-ssc-cgl-2024-t1-s1","ssc-cgl","","Tier 1","subj-math","OFFICIAL_PYQ",2,"ELIGIBLE"
"q-ssc-cgl-undefined-Tier 1-Shift 1-q53","paper-ssc-cgl-2024-t1-s1","ssc-cgl","","Tier 1","subj-math","OFFICIAL_PYQ",2,"ELIGIBLE"
"q-ssc-cgl-undefined-Tier 1-Shift 1-q54","paper-ssc-cgl-2024-t1-s1","ssc-cgl","","Tier 1","subj-math","OFFICIAL_PYQ",2,"ELIGIBLE"
"q-ssc-cgl-undefined-Tier 1-Shift 1-q55","paper-ssc-cgl-2024-t1-s1","ssc-cgl","","Tier 1","subj-math","OFFICIAL_PYQ",2,"ELIGIBLE"
"q-ssc-cgl-undefined-Tier 1-Shift 1-q56","paper-ssc-cgl-2024-t1-s1","ssc-cgl","","Tier 1","subj-math","OFFICIAL_PYQ",2,"ELIGIBLE"
"q-ssc-cgl-undefined-Tier 1-Shift 1-q57","paper-ssc-cgl-2024-t1-s1","ssc-cgl","","Tier 1","subj-math","OFFICIAL_PYQ",2,"ELIGIBLE"
"q-ssc-cgl-undefined-Tier 1-Shift 1-q58","paper-ssc-cgl-2024-t1-s1","ssc-cgl","","Tier 1","subj-math","OFFICIAL_PYQ",2,"ELIGIBLE"
"q-ssc-cgl-undefined-Tier 1-Shift 1-q59","paper-ssc-cgl-2024-t1-s1","ssc-cgl","","Tier 1","subj-math","OFFICIAL_PYQ",2,"ELIGIBLE"
"q-ssc-cgl-undefined-Tier 1-Shift 1-q6","paper-ssc-cgl-2024-t1-s1","ssc-cgl","","Tier 1","subj-reasoning","OFFICIAL_PYQ",2,"ELIGIBLE"
"q-ssc-cgl-undefined-Tier 1-Shift 1-q60","paper-ssc-cgl-2024-t1-s1","ssc-cgl","","Tier 1","subj-math","OFFICIAL_PYQ",2,"ELIGIBLE"
"q-ssc-cgl-undefined-Tier 1-Shift 1-q61","paper-ssc-cgl-2024-t1-s1","ssc-cgl","","Tier 1","subj-math","OFFICIAL_PYQ",2,"ELIGIBLE"
"q-ssc-cgl-undefined-Tier 1-Shift 1-q62","paper-ssc-cgl-2024-t1-s1","ssc-cgl","","Tier 1","subj-math","OFFICIAL_PYQ",2,"ELIGIBLE"
"q-ssc-cgl-undefined-Tier 1-Shift 1-q63","paper-ssc-cgl-2024-t1-s1","ssc-cgl","","Tier 1","subj-math","OFFICIAL_PYQ",2,"ELIGIBLE"
"q-ssc-cgl-undefined-Tier 1-Shift 1-q64","paper-ssc-cgl-2024-t1-s1","ssc-cgl","","Tier 1","subj-math","OFFICIAL_PYQ",2,"ELIGIBLE"
"q-ssc-cgl-undefined-Tier 1-Shift 1-q65","paper-ssc-cgl-2024-t1-s1","ssc-cgl","","Tier 1","subj-math","OFFICIAL_PYQ",2,"ELIGIBLE"
"q-ssc-cgl-undefined-Tier 1-Shift 1-q66","paper-ssc-cgl-2024-t1-s1","ssc-cgl","","Tier 1","subj-math","OFFICIAL_PYQ",2,"ELIGIBLE"
"q-ssc-cgl-undefined-Tier 1-Shift 1-q67","paper-ssc-cgl-2024-t1-s1","ssc-cgl","","Tier 1","subj-math","OFFICIAL_PYQ",2,"ELIGIBLE"
"q-ssc-cgl-undefined-Tier 1-Shift 1-q68","paper-ssc-cgl-2024-t1-s1","ssc-cgl","","Tier 1","subj-math","OFFICIAL_PYQ",2,"ELIGIBLE"
"q-ssc-cgl-undefined-Tier 1-Shift 1-q69","paper-ssc-cgl-2024-t1-s1","ssc-cgl","","Tier 1","subj-math","OFFICIAL_PYQ",2,"ELIGIBLE"
"q-ssc-cgl-undefined-Tier 1-Shift 1-q7","paper-ssc-cgl-2024-t1-s1","ssc-cgl","","Tier 1","subj-reasoning","OFFICIAL_PYQ",2,"ELIGIBLE"
"q-ssc-cgl-undefined-Tier 1-Shift 1-q70","paper-ssc-cgl-2024-t1-s1","ssc-cgl","","Tier 1","subj-math","OFFICIAL_PYQ",2,"ELIGIBLE"
"q-ssc-cgl-undefined-Tier 1-Shift 1-q71","paper-ssc-cgl-2024-t1-s1","ssc-cgl","","Tier 1","subj-math","OFFICIAL_PYQ",2,"ELIGIBLE"
"q-ssc-cgl-undefined-Tier 1-Shift 1-q72","paper-ssc-cgl-2024-t1-s1","ssc-cgl","","Tier 1","subj-math","OFFICIAL_PYQ",2,"ELIGIBLE"
"q-ssc-cgl-undefined-Tier 1-Shift 1-q73","paper-ssc-cgl-2024-t1-s1","ssc-cgl","","Tier 1","subj-math","OFFICIAL_PYQ",2,"ELIGIBLE"
"q-ssc-cgl-undefined-Tier 1-Shift 1-q74","paper-ssc-cgl-2024-t1-s1","ssc-cgl","","Tier 1","subj-math","OFFICIAL_PYQ",2,"ELIGIBLE"
"q-ssc-cgl-undefined-Tier 1-Shift 1-q75","paper-ssc-cgl-2024-t1-s1","ssc-cgl","","Tier 1","subj-math","OFFICIAL_PYQ",2,"ELIGIBLE"
"q-ssc-cgl-undefined-Tier 1-Shift 1-q76","paper-ssc-cgl-2024-t1-s1","ssc-cgl","","Tier 1","subj-english","OFFICIAL_PYQ",2,"ELIGIBLE"
"q-ssc-cgl-undefined-Tier 1-Shift 1-q77","paper-ssc-cgl-2024-t1-s1","ssc-cgl","","Tier 1","subj-english","OFFICIAL_PYQ",2,"ELIGIBLE"
"q-ssc-cgl-undefined-Tier 1-Shift 1-q78","paper-ssc-cgl-2024-t1-s1","ssc-cgl","","Tier 1","subj-english","OFFICIAL_PYQ",2,"ELIGIBLE"
"q-ssc-cgl-undefined-Tier 1-Shift 1-q79","paper-ssc-cgl-2024-t1-s1","ssc-cgl","","Tier 1","subj-english","OFFICIAL_PYQ",2,"ELIGIBLE"
"q-ssc-cgl-undefined-Tier 1-Shift 1-q8","paper-ssc-cgl-2024-t1-s1","ssc-cgl","","Tier 1","subj-reasoning","OFFICIAL_PYQ",2,"ELIGIBLE"
"q-ssc-cgl-undefined-Tier 1-Shift 1-q80","paper-ssc-cgl-2024-t1-s1","ssc-cgl","","Tier 1","subj-english","OFFICIAL_PYQ",2,"ELIGIBLE"
"q-ssc-cgl-undefined-Tier 1-Shift 1-q81","paper-ssc-cgl-2024-t1-s1","ssc-cgl","","Tier 1","subj-english","OFFICIAL_PYQ",2,"ELIGIBLE"
"q-ssc-cgl-undefined-Tier 1-Shift 1-q82","paper-ssc-cgl-2024-t1-s1","ssc-cgl","","Tier 1","subj-english","OFFICIAL_PYQ",2,"ELIGIBLE"
"q-ssc-cgl-undefined-Tier 1-Shift 1-q83","paper-ssc-cgl-2024-t1-s1","ssc-cgl","","Tier 1","subj-english","OFFICIAL_PYQ",2,"ELIGIBLE"
"q-ssc-cgl-undefined-Tier 1-Shift 1-q84","paper-ssc-cgl-2024-t1-s1","ssc-cgl","","Tier 1","subj-english","OFFICIAL_PYQ",2,"ELIGIBLE"
"q-ssc-cgl-undefined-Tier 1-Shift 1-q85","paper-ssc-cgl-2024-t1-s1","ssc-cgl","","Tier 1","subj-english","OFFICIAL_PYQ",2,"ELIGIBLE"
"q-ssc-cgl-undefined-Tier 1-Shift 1-q86","paper-ssc-cgl-2024-t1-s1","ssc-cgl","","Tier 1","subj-english","OFFICIAL_PYQ",2,"ELIGIBLE"
"q-ssc-cgl-undefined-Tier 1-Shift 1-q87","paper-ssc-cgl-2024-t1-s1","ssc-cgl","","Tier 1","subj-english","OFFICIAL_PYQ",2,"ELIGIBLE"
"q-ssc-cgl-undefined-Tier 1-Shift 1-q88","paper-ssc-cgl-2024-t1-s1","ssc-cgl","","Tier 1","subj-english","OFFICIAL_PYQ",2,"ELIGIBLE"
"q-ssc-cgl-undefined-Tier 1-Shift 1-q89","paper-ssc-cgl-2024-t1-s1","ssc-cgl","","Tier 1","subj-english","OFFICIAL_PYQ",2,"ELIGIBLE"
"q-ssc-cgl-undefined-Tier 1-Shift 1-q9","paper-ssc-cgl-2024-t1-s1","ssc-cgl","","Tier 1","subj-reasoning","OFFICIAL_PYQ",2,"ELIGIBLE"
"q-ssc-cgl-undefined-Tier 1-Shift 1-q90","paper-ssc-cgl-2024-t1-s1","ssc-cgl","","Tier 1","subj-english","OFFICIAL_PYQ",2,"ELIGIBLE"
"q-ssc-cgl-undefined-Tier 1-Shift 1-q91","paper-ssc-cgl-2024-t1-s1","ssc-cgl","","Tier 1","subj-english","OFFICIAL_PYQ",2,"ELIGIBLE"
"q-ssc-cgl-undefined-Tier 1-Shift 1-q92","paper-ssc-cgl-2024-t1-s1","ssc-cgl","","Tier 1","subj-english","OFFICIAL_PYQ",2,"ELIGIBLE"
"q-ssc-cgl-undefined-Tier 1-Shift 1-q93","paper-ssc-cgl-2024-t1-s1","ssc-cgl","","Tier 1","subj-english","OFFICIAL_PYQ",2,"ELIGIBLE"
"q-ssc-cgl-undefined-Tier 1-Shift 1-q94","paper-ssc-cgl-2024-t1-s1","ssc-cgl","","Tier 1","subj-english","OFFICIAL_PYQ",2,"ELIGIBLE"
"q-ssc-cgl-undefined-Tier 1-Shift 1-q95","paper-ssc-cgl-2024-t1-s1","ssc-cgl","","Tier 1","subj-english","OFFICIAL_PYQ",2,"ELIGIBLE"
"q-ssc-cgl-undefined-Tier 1-Shift 1-q96","paper-ssc-cgl-2024-t1-s1","ssc-cgl","","Tier 1","subj-english","OFFICIAL_PYQ",2,"ELIGIBLE"
"q-ssc-cgl-undefined-Tier 1-Shift 1-q97","paper-ssc-cgl-2024-t1-s1","ssc-cgl","","Tier 1","subj-english","OFFICIAL_PYQ",2,"ELIGIBLE"
"q-ssc-cgl-undefined-Tier 1-Shift 1-q98","paper-ssc-cgl-2024-t1-s1","ssc-cgl","","Tier 1","subj-english","OFFICIAL_PYQ",2,"ELIGIBLE"
"q-ssc-cgl-undefined-Tier 1-Shift 1-q99","paper-ssc-cgl-2024-t1-s1","ssc-cgl","","Tier 1","subj-english","OFFICIAL_PYQ",2,"ELIGIBLE"
"q-tndge-tamilnadu-undefined-Annual-Morning-q1","paper-tn-sslc-tamil-2024","tndge-tamilnadu","","Annual","subj-tamil","OFFICIAL_PYQ",1,"ELIGIBLE"
"q-tndge-tamilnadu-undefined-Annual-Morning-q10","paper-tn-sslc-tamil-2024","tndge-tamilnadu","","Annual","subj-tamil","OFFICIAL_PYQ",1,"ELIGIBLE"
"q-tndge-tamilnadu-undefined-Annual-Morning-q11","paper-tn-sslc-tamil-2024","tndge-tamilnadu","","Annual","subj-tamil","OFFICIAL_PYQ",1,"ELIGIBLE"
"q-tndge-tamilnadu-undefined-Annual-Morning-q12","paper-tn-sslc-tamil-2024","tndge-tamilnadu","","Annual","subj-tamil","OFFICIAL_PYQ",1,"ELIGIBLE"
"q-tndge-tamilnadu-undefined-Annual-Morning-q13","paper-tn-sslc-tamil-2024","tndge-tamilnadu","","Annual","subj-tamil","OFFICIAL_PYQ",1,"ELIGIBLE"
"q-tndge-tamilnadu-undefined-Annual-Morning-q14","paper-tn-sslc-tamil-2024","tndge-tamilnadu","","Annual","subj-tamil","OFFICIAL_PYQ",1,"ELIGIBLE"
"q-tndge-tamilnadu-undefined-Annual-Morning-q15","paper-tn-sslc-tamil-2024","tndge-tamilnadu","","Annual","subj-tamil","OFFICIAL_PYQ",1,"ELIGIBLE"
"q-tndge-tamilnadu-undefined-Annual-Morning-q16","paper-tn-sslc-tamil-2024","tndge-tamilnadu","","Annual","subj-tamil","OFFICIAL_PYQ",1,"ELIGIBLE"
"q-tndge-tamilnadu-undefined-Annual-Morning-q17","paper-tn-sslc-tamil-2024","tndge-tamilnadu","","Annual","subj-tamil","OFFICIAL_PYQ",1,"ELIGIBLE"
"q-tndge-tamilnadu-undefined-Annual-Morning-q18","paper-tn-sslc-tamil-2024","tndge-tamilnadu","","Annual","subj-tamil","OFFICIAL_PYQ",1,"ELIGIBLE"
"q-tndge-tamilnadu-undefined-Annual-Morning-q19","paper-tn-sslc-tamil-2024","tndge-tamilnadu","","Annual","subj-tamil","OFFICIAL_PYQ",1,"ELIGIBLE"
"q-tndge-tamilnadu-undefined-Annual-Morning-q2","paper-tn-sslc-tamil-2024","tndge-tamilnadu","","Annual","subj-tamil","OFFICIAL_PYQ",1,"ELIGIBLE"
"q-tndge-tamilnadu-undefined-Annual-Morning-q20","paper-tn-sslc-tamil-2024","tndge-tamilnadu","","Annual","subj-tamil","OFFICIAL_PYQ",1,"ELIGIBLE"
"q-tndge-tamilnadu-undefined-Annual-Morning-q21","paper-tn-sslc-tamil-2024","tndge-tamilnadu","","Annual","subj-tamil","OFFICIAL_PYQ",1,"ELIGIBLE"
"q-tndge-tamilnadu-undefined-Annual-Morning-q22","paper-tn-sslc-tamil-2024","tndge-tamilnadu","","Annual","subj-tamil","OFFICIAL_PYQ",1,"ELIGIBLE"
"q-tndge-tamilnadu-undefined-Annual-Morning-q23","paper-tn-sslc-tamil-2024","tndge-tamilnadu","","Annual","subj-tamil","OFFICIAL_PYQ",1,"ELIGIBLE"
"q-tndge-tamilnadu-undefined-Annual-Morning-q24","paper-tn-sslc-tamil-2024","tndge-tamilnadu","","Annual","subj-tamil","OFFICIAL_PYQ",1,"ELIGIBLE"
"q-tndge-tamilnadu-undefined-Annual-Morning-q25","paper-tn-sslc-tamil-2024","tndge-tamilnadu","","Annual","subj-tamil","OFFICIAL_PYQ",1,"ELIGIBLE"
"q-tndge-tamilnadu-undefined-Annual-Morning-q3","paper-tn-sslc-tamil-2024","tndge-tamilnadu","","Annual","subj-tamil","OFFICIAL_PYQ",1,"ELIGIBLE"
"q-tndge-tamilnadu-undefined-Annual-Morning-q4","paper-tn-sslc-tamil-2024","tndge-tamilnadu","","Annual","subj-tamil","OFFICIAL_PYQ",1,"ELIGIBLE"
"q-tndge-tamilnadu-undefined-Annual-Morning-q5","paper-tn-sslc-tamil-2024","tndge-tamilnadu","","Annual","subj-tamil","OFFICIAL_PYQ",1,"ELIGIBLE"
"q-tndge-tamilnadu-undefined-Annual-Morning-q6","paper-tn-sslc-tamil-2024","tndge-tamilnadu","","Annual","subj-tamil","OFFICIAL_PYQ",1,"ELIGIBLE"
"q-tndge-tamilnadu-undefined-Annual-Morning-q7","paper-tn-sslc-tamil-2024","tndge-tamilnadu","","Annual","subj-tamil","OFFICIAL_PYQ",1,"ELIGIBLE"
"q-tndge-tamilnadu-undefined-Annual-Morning-q8","paper-tn-sslc-tamil-2024","tndge-tamilnadu","","Annual","subj-tamil","OFFICIAL_PYQ",1,"ELIGIBLE"
"q-tndge-tamilnadu-undefined-Annual-Morning-q9","paper-tn-sslc-tamil-2024","tndge-tamilnadu","","Annual","subj-tamil","OFFICIAL_PYQ",1,"ELIGIBLE"
"q-upp-2024-s1-q1","paper-upp-constable-2024-s1","up-police-constable","","","subj-hindi","OFFICIAL_PYQ",2,"ELIGIBLE"
"q-upp-2024-s1-q2","paper-upp-constable-2024-s1","up-police-constable","","","subj-gk","OFFICIAL_PYQ",2,"ELIGIBLE"
"q-upsc-cse-2021-gs1-q1","paper-upsc-cse-2021-gs1","upsc-cse","","","subj-gk","OFFICIAL_PYQ",2,"ELIGIBLE"
"q-upsc-cse-2021-gs1-q2","paper-upsc-cse-2021-gs1","upsc-cse","","","subj-history","OFFICIAL_PYQ",2,"ELIGIBLE"
"q-upsc-cse-2021-gs1-q3","paper-upsc-cse-2021-gs1","upsc-cse","","","subj-gk","OFFICIAL_PYQ",2,"ELIGIBLE"
"q-upsc-cse-2022-gs1-q1","paper-upsc-cse-2022-gs1","upsc-cse","","","subj-gk","OFFICIAL_PYQ",2,"ELIGIBLE"
"q-upsc-cse-2022-gs1-q2","paper-upsc-cse-2022-gs1","upsc-cse","","","subj-history","OFFICIAL_PYQ",2,"ELIGIBLE"
"q-upsc-cse-2022-gs1-q3","paper-upsc-cse-2022-gs1","upsc-cse","","","subj-gk","OFFICIAL_PYQ",2,"ELIGIBLE"
"q-upsc-cse-2023-gs1-q1","paper-upsc-cse-2023-gs1","upsc-cse","","","subj-gk","OFFICIAL_PYQ",2,"ELIGIBLE"
"q-upsc-cse-2023-gs1-q2","paper-upsc-cse-2023-gs1","upsc-cse","","","subj-history","OFFICIAL_PYQ",2,"ELIGIBLE"
"q-upsc-cse-2023-gs1-q3","paper-upsc-cse-2023-gs1","upsc-cse","","","subj-gk","OFFICIAL_PYQ",2,"ELIGIBLE"
"q-upsc-cse-2024-gs1-q001","paper-upsc-cse-2024-gs1","upsc-cse","","PRELIMS","subj-polity","OFFICIAL_PYQ",2,"ELIGIBLE"
"q-upsc-cse-2024-gs1-q002","paper-upsc-cse-2024-gs1","upsc-cse","","PRELIMS","subj-economics","OFFICIAL_PYQ",2,"ELIGIBLE"
"q-upsc-cse-2024-gs1-q003","paper-upsc-cse-2024-gs1","upsc-cse","","PRELIMS","subj-geography","OFFICIAL_PYQ",2,"ELIGIBLE"
"q-upsc-cse-2024-gs1-q004","paper-upsc-cse-2024-gs1","upsc-cse","","PRELIMS","subj-history","OFFICIAL_PYQ",2,"ELIGIBLE"
"q-upsc-cse-2024-gs1-q005","paper-upsc-cse-2024-gs1","upsc-cse","","PRELIMS","subj-science","OFFICIAL_PYQ",2,"ELIGIBLE"
"q-upsc-cse-2024-gs1-q006","paper-upsc-cse-2024-gs1","upsc-cse","","PRELIMS","subj-science","OFFICIAL_PYQ",2,"ELIGIBLE"
"q-upsc-cse-2024-gs1-q007","paper-upsc-cse-2024-gs1","upsc-cse","","PRELIMS","subj-gk","OFFICIAL_PYQ",2,"ELIGIBLE"
"q-upsc-cse-2024-gs1-q008","paper-upsc-cse-2024-gs1","upsc-cse","","PRELIMS","subj-polity","OFFICIAL_PYQ",2,"ELIGIBLE"
"q-upsc-cse-2024-gs1-q009","paper-upsc-cse-2024-gs1","upsc-cse","","PRELIMS","subj-economics","OFFICIAL_PYQ",2,"ELIGIBLE"
"q-upsc-cse-2024-gs1-q010","paper-upsc-cse-2024-gs1","upsc-cse","","PRELIMS","subj-geography","OFFICIAL_PYQ",2,"ELIGIBLE"
"q-upsc-cse-2024-gs1-q011","paper-upsc-cse-2024-gs1","upsc-cse","","PRELIMS","subj-history","OFFICIAL_PYQ",2,"ELIGIBLE"
"q-upsc-cse-2024-gs1-q012","paper-upsc-cse-2024-gs1","upsc-cse","","PRELIMS","subj-science","OFFICIAL_PYQ",2,"ELIGIBLE"
"q-upsc-cse-2024-gs1-q013","paper-upsc-cse-2024-gs1","upsc-cse","","PRELIMS","subj-science","OFFICIAL_PYQ",2,"ELIGIBLE"
"q-upsc-cse-2024-gs1-q014","paper-upsc-cse-2024-gs1","upsc-cse","","PRELIMS","subj-gk","OFFICIAL_PYQ",2,"ELIGIBLE"
"q-upsc-cse-2024-gs1-q015","paper-upsc-cse-2024-gs1","upsc-cse","","PRELIMS","subj-polity","OFFICIAL_PYQ",2,"ELIGIBLE"
"q-upsc-cse-2024-gs1-q016","paper-upsc-cse-2024-gs1","upsc-cse","","PRELIMS","subj-economics","OFFICIAL_PYQ",2,"ELIGIBLE"
"q-upsc-cse-2024-gs1-q017","paper-upsc-cse-2024-gs1","upsc-cse","","PRELIMS","subj-geography","OFFICIAL_PYQ",2,"ELIGIBLE"
"q-upsc-cse-2024-gs1-q018","paper-upsc-cse-2024-gs1","upsc-cse","","PRELIMS","subj-history","OFFICIAL_PYQ",2,"ELIGIBLE"
"q-upsc-cse-2024-gs1-q019","paper-upsc-cse-2024-gs1","upsc-cse","","PRELIMS","subj-science","OFFICIAL_PYQ",2,"ELIGIBLE"
"q-upsc-cse-2024-gs1-q020","paper-upsc-cse-2024-gs1","upsc-cse","","PRELIMS","subj-science","OFFICIAL_PYQ",2,"ELIGIBLE"
"q-upsc-cse-2024-gs1-q021","paper-upsc-cse-2024-gs1","upsc-cse","","PRELIMS","subj-gk","OFFICIAL_PYQ",2,"ELIGIBLE"
"q-upsc-cse-2024-gs1-q022","paper-upsc-cse-2024-gs1","upsc-cse","","PRELIMS","subj-polity","OFFICIAL_PYQ",2,"ELIGIBLE"
"q-upsc-cse-2024-gs1-q023","paper-upsc-cse-2024-gs1","upsc-cse","","PRELIMS","subj-economics","OFFICIAL_PYQ",2,"ELIGIBLE"
"q-upsc-cse-2024-gs1-q024","paper-upsc-cse-2024-gs1","upsc-cse","","PRELIMS","subj-geography","OFFICIAL_PYQ",2,"ELIGIBLE"
"q-upsc-cse-2024-gs1-q025","paper-upsc-cse-2024-gs1","upsc-cse","","PRELIMS","subj-history","OFFICIAL_PYQ",2,"ELIGIBLE"
"q-upsc-cse-2024-gs1-q026","paper-upsc-cse-2024-gs1","upsc-cse","","PRELIMS","subj-science","OFFICIAL_PYQ",2,"ELIGIBLE"
"q-upsc-cse-2024-gs1-q027","paper-upsc-cse-2024-gs1","upsc-cse","","PRELIMS","subj-science","OFFICIAL_PYQ",2,"ELIGIBLE"
"q-upsc-cse-2024-gs1-q028","paper-upsc-cse-2024-gs1","upsc-cse","","PRELIMS","subj-gk","OFFICIAL_PYQ",2,"ELIGIBLE"
"q-upsc-cse-2024-gs1-q029","paper-upsc-cse-2024-gs1","upsc-cse","","PRELIMS","subj-polity","OFFICIAL_PYQ",2,"ELIGIBLE"
"q-upsc-cse-2024-gs1-q030","paper-upsc-cse-2024-gs1","upsc-cse","","PRELIMS","subj-economics","OFFICIAL_PYQ",2,"ELIGIBLE"
"q-upsc-cse-2024-gs1-q031","paper-upsc-cse-2024-gs1","upsc-cse","","PRELIMS","subj-geography","OFFICIAL_PYQ",2,"ELIGIBLE"
"q-upsc-cse-2024-gs1-q032","paper-upsc-cse-2024-gs1","upsc-cse","","PRELIMS","subj-history","OFFICIAL_PYQ",2,"ELIGIBLE"
"q-upsc-cse-2024-gs1-q033","paper-upsc-cse-2024-gs1","upsc-cse","","PRELIMS","subj-science","OFFICIAL_PYQ",2,"ELIGIBLE"
"q-upsc-cse-2024-gs1-q034","paper-upsc-cse-2024-gs1","upsc-cse","","PRELIMS","subj-science","OFFICIAL_PYQ",2,"ELIGIBLE"
"q-upsc-cse-2024-gs1-q035","paper-upsc-cse-2024-gs1","upsc-cse","","PRELIMS","subj-gk","OFFICIAL_PYQ",2,"ELIGIBLE"
"q-upsc-cse-2024-gs1-q036","paper-upsc-cse-2024-gs1","upsc-cse","","PRELIMS","subj-polity","OFFICIAL_PYQ",2,"ELIGIBLE"
"q-upsc-cse-2024-gs1-q037","paper-upsc-cse-2024-gs1","upsc-cse","","PRELIMS","subj-economics","OFFICIAL_PYQ",2,"ELIGIBLE"
"q-upsc-cse-2024-gs1-q038","paper-upsc-cse-2024-gs1","upsc-cse","","PRELIMS","subj-geography","OFFICIAL_PYQ",2,"ELIGIBLE"
"q-upsc-cse-2024-gs1-q039","paper-upsc-cse-2024-gs1","upsc-cse","","PRELIMS","subj-history","OFFICIAL_PYQ",2,"ELIGIBLE"
"q-upsc-cse-2024-gs1-q040","paper-upsc-cse-2024-gs1","upsc-cse","","PRELIMS","subj-science","OFFICIAL_PYQ",2,"ELIGIBLE"
"q-upsc-cse-2024-gs1-q041","paper-upsc-cse-2024-gs1","upsc-cse","","PRELIMS","subj-science","OFFICIAL_PYQ",2,"ELIGIBLE"
"q-upsc-cse-2024-gs1-q042","paper-upsc-cse-2024-gs1","upsc-cse","","PRELIMS","subj-gk","OFFICIAL_PYQ",2,"ELIGIBLE"
"q-upsc-cse-2024-gs1-q043","paper-upsc-cse-2024-gs1","upsc-cse","","PRELIMS","subj-polity","OFFICIAL_PYQ",2,"ELIGIBLE"
"q-upsc-cse-2024-gs1-q044","paper-upsc-cse-2024-gs1","upsc-cse","","PRELIMS","subj-economics","OFFICIAL_PYQ",2,"ELIGIBLE"
"q-upsc-cse-2024-gs1-q045","paper-upsc-cse-2024-gs1","upsc-cse","","PRELIMS","subj-geography","OFFICIAL_PYQ",2,"ELIGIBLE"
"q-upsc-cse-2024-gs1-q046","paper-upsc-cse-2024-gs1","upsc-cse","","PRELIMS","subj-history","OFFICIAL_PYQ",2,"ELIGIBLE"
"q-upsc-cse-2024-gs1-q047","paper-upsc-cse-2024-gs1","upsc-cse","","PRELIMS","subj-science","OFFICIAL_PYQ",2,"ELIGIBLE"
"q-upsc-cse-2024-gs1-q048","paper-upsc-cse-2024-gs1","upsc-cse","","PRELIMS","subj-science","OFFICIAL_PYQ",2,"ELIGIBLE"
"q-upsc-cse-2024-gs1-q049","paper-upsc-cse-2024-gs1","upsc-cse","","PRELIMS","subj-gk","OFFICIAL_PYQ",2,"ELIGIBLE"
"q-upsc-cse-2024-gs1-q050","paper-upsc-cse-2024-gs1","upsc-cse","","PRELIMS","subj-polity","OFFICIAL_PYQ",2,"ELIGIBLE"
"q-upsc-cse-2024-gs1-q051","paper-upsc-cse-2024-gs1","upsc-cse","","PRELIMS","subj-economics","OFFICIAL_PYQ",2,"ELIGIBLE"
"q-upsc-cse-2024-gs1-q052","paper-upsc-cse-2024-gs1","upsc-cse","","PRELIMS","subj-geography","OFFICIAL_PYQ",2,"ELIGIBLE"
"q-upsc-cse-2024-gs1-q053","paper-upsc-cse-2024-gs1","upsc-cse","","PRELIMS","subj-history","OFFICIAL_PYQ",2,"ELIGIBLE"
"q-upsc-cse-2024-gs1-q054","paper-upsc-cse-2024-gs1","upsc-cse","","PRELIMS","subj-science","OFFICIAL_PYQ",2,"ELIGIBLE"
"q-upsc-cse-2024-gs1-q055","paper-upsc-cse-2024-gs1","upsc-cse","","PRELIMS","subj-science","OFFICIAL_PYQ",2,"ELIGIBLE"
"q-upsc-cse-2024-gs1-q056","paper-upsc-cse-2024-gs1","upsc-cse","","PRELIMS","subj-gk","OFFICIAL_PYQ",2,"ELIGIBLE"
"q-upsc-cse-2024-gs1-q057","paper-upsc-cse-2024-gs1","upsc-cse","","PRELIMS","subj-polity","OFFICIAL_PYQ",2,"ELIGIBLE"
"q-upsc-cse-2024-gs1-q058","paper-upsc-cse-2024-gs1","upsc-cse","","PRELIMS","subj-economics","OFFICIAL_PYQ",2,"ELIGIBLE"
"q-upsc-cse-2024-gs1-q059","paper-upsc-cse-2024-gs1","upsc-cse","","PRELIMS","subj-geography","OFFICIAL_PYQ",2,"ELIGIBLE"
"q-upsc-cse-2024-gs1-q060","paper-upsc-cse-2024-gs1","upsc-cse","","PRELIMS","subj-history","OFFICIAL_PYQ",2,"ELIGIBLE"
"q-upsc-cse-2024-gs1-q061","paper-upsc-cse-2024-gs1","upsc-cse","","PRELIMS","subj-science","OFFICIAL_PYQ",2,"ELIGIBLE"
"q-upsc-cse-2024-gs1-q062","paper-upsc-cse-2024-gs1","upsc-cse","","PRELIMS","subj-science","OFFICIAL_PYQ",2,"ELIGIBLE"
"q-upsc-cse-2024-gs1-q063","paper-upsc-cse-2024-gs1","upsc-cse","","PRELIMS","subj-gk","OFFICIAL_PYQ",2,"ELIGIBLE"
"q-upsc-cse-2024-gs1-q064","paper-upsc-cse-2024-gs1","upsc-cse","","PRELIMS","subj-polity","OFFICIAL_PYQ",2,"ELIGIBLE"
"q-upsc-cse-2024-gs1-q065","paper-upsc-cse-2024-gs1","upsc-cse","","PRELIMS","subj-economics","OFFICIAL_PYQ",2,"ELIGIBLE"
"q-upsc-cse-2024-gs1-q066","paper-upsc-cse-2024-gs1","upsc-cse","","PRELIMS","subj-geography","OFFICIAL_PYQ",2,"ELIGIBLE"
"q-upsc-cse-2024-gs1-q067","paper-upsc-cse-2024-gs1","upsc-cse","","PRELIMS","subj-history","OFFICIAL_PYQ",2,"ELIGIBLE"
"q-upsc-cse-2024-gs1-q068","paper-upsc-cse-2024-gs1","upsc-cse","","PRELIMS","subj-science","OFFICIAL_PYQ",2,"ELIGIBLE"
"q-upsc-cse-2024-gs1-q069","paper-upsc-cse-2024-gs1","upsc-cse","","PRELIMS","subj-science","OFFICIAL_PYQ",2,"ELIGIBLE"
"q-upsc-cse-2024-gs1-q070","paper-upsc-cse-2024-gs1","upsc-cse","","PRELIMS","subj-gk","OFFICIAL_PYQ",2,"ELIGIBLE"
"q-upsc-cse-2024-gs1-q071","paper-upsc-cse-2024-gs1","upsc-cse","","PRELIMS","subj-polity","OFFICIAL_PYQ",2,"ELIGIBLE"
"q-upsc-cse-2024-gs1-q072","paper-upsc-cse-2024-gs1","upsc-cse","","PRELIMS","subj-economics","OFFICIAL_PYQ",2,"ELIGIBLE"
"q-upsc-cse-2024-gs1-q073","paper-upsc-cse-2024-gs1","upsc-cse","","PRELIMS","subj-geography","OFFICIAL_PYQ",2,"ELIGIBLE"
"q-upsc-cse-2024-gs1-q074","paper-upsc-cse-2024-gs1","upsc-cse","","PRELIMS","subj-history","OFFICIAL_PYQ",2,"ELIGIBLE"
"q-upsc-cse-2024-gs1-q075","paper-upsc-cse-2024-gs1","upsc-cse","","PRELIMS","subj-science","OFFICIAL_PYQ",2,"ELIGIBLE"
"q-upsc-cse-2024-gs1-q076","paper-upsc-cse-2024-gs1","upsc-cse","","PRELIMS","subj-science","OFFICIAL_PYQ",2,"ELIGIBLE"
"q-upsc-cse-2024-gs1-q077","paper-upsc-cse-2024-gs1","upsc-cse","","PRELIMS","subj-gk","OFFICIAL_PYQ",2,"ELIGIBLE"
"q-upsc-cse-2024-gs1-q078","paper-upsc-cse-2024-gs1","upsc-cse","","PRELIMS","subj-polity","OFFICIAL_PYQ",2,"ELIGIBLE"
"q-upsc-cse-2024-gs1-q079","paper-upsc-cse-2024-gs1","upsc-cse","","PRELIMS","subj-economics","OFFICIAL_PYQ",2,"ELIGIBLE"
"q-upsc-cse-2024-gs1-q080","paper-upsc-cse-2024-gs1","upsc-cse","","PRELIMS","subj-geography","OFFICIAL_PYQ",2,"ELIGIBLE"
"q-upsc-cse-2024-gs1-q081","paper-upsc-cse-2024-gs1","upsc-cse","","PRELIMS","subj-history","OFFICIAL_PYQ",2,"ELIGIBLE"
"q-upsc-cse-2024-gs1-q082","paper-upsc-cse-2024-gs1","upsc-cse","","PRELIMS","subj-science","OFFICIAL_PYQ",2,"ELIGIBLE"
"q-upsc-cse-2024-gs1-q083","paper-upsc-cse-2024-gs1","upsc-cse","","PRELIMS","subj-science","OFFICIAL_PYQ",2,"ELIGIBLE"
"q-upsc-cse-2024-gs1-q084","paper-upsc-cse-2024-gs1","upsc-cse","","PRELIMS","subj-gk","OFFICIAL_PYQ",2,"ELIGIBLE"
"q-upsc-cse-2024-gs1-q085","paper-upsc-cse-2024-gs1","upsc-cse","","PRELIMS","subj-polity","OFFICIAL_PYQ",2,"ELIGIBLE"
"q-upsc-cse-2024-gs1-q086","paper-upsc-cse-2024-gs1","upsc-cse","","PRELIMS","subj-economics","OFFICIAL_PYQ",2,"ELIGIBLE"
"q-upsc-cse-2024-gs1-q087","paper-upsc-cse-2024-gs1","upsc-cse","","PRELIMS","subj-geography","OFFICIAL_PYQ",2,"ELIGIBLE"
"q-upsc-cse-2024-gs1-q088","paper-upsc-cse-2024-gs1","upsc-cse","","PRELIMS","subj-history","OFFICIAL_PYQ",2,"ELIGIBLE"
"q-upsc-cse-2024-gs1-q089","paper-upsc-cse-2024-gs1","upsc-cse","","PRELIMS","subj-science","OFFICIAL_PYQ",2,"ELIGIBLE"
"q-upsc-cse-2024-gs1-q090","paper-upsc-cse-2024-gs1","upsc-cse","","PRELIMS","subj-science","OFFICIAL_PYQ",2,"ELIGIBLE"
"q-upsc-cse-2024-gs1-q091","paper-upsc-cse-2024-gs1","upsc-cse","","PRELIMS","subj-gk","OFFICIAL_PYQ",2,"ELIGIBLE"
"q-upsc-cse-2024-gs1-q092","paper-upsc-cse-2024-gs1","upsc-cse","","PRELIMS","subj-polity","OFFICIAL_PYQ",2,"ELIGIBLE"
"q-upsc-cse-2024-gs1-q093","paper-upsc-cse-2024-gs1","upsc-cse","","PRELIMS","subj-economics","OFFICIAL_PYQ",2,"ELIGIBLE"
"q-upsc-cse-2024-gs1-q094","paper-upsc-cse-2024-gs1","upsc-cse","","PRELIMS","subj-geography","OFFICIAL_PYQ",2,"ELIGIBLE"
"q-upsc-cse-2024-gs1-q095","paper-upsc-cse-2024-gs1","upsc-cse","","PRELIMS","subj-history","OFFICIAL_PYQ",2,"ELIGIBLE"
"q-upsc-cse-2024-gs1-q096","paper-upsc-cse-2024-gs1","upsc-cse","","PRELIMS","subj-science","OFFICIAL_PYQ",2,"ELIGIBLE"
"q-upsc-cse-2024-gs1-q097","paper-upsc-cse-2024-gs1","upsc-cse","","PRELIMS","subj-science","OFFICIAL_PYQ",2,"ELIGIBLE"
"q-upsc-cse-2024-gs1-q098","paper-upsc-cse-2024-gs1","upsc-cse","","PRELIMS","subj-gk","OFFICIAL_PYQ",2,"ELIGIBLE"
"q-upsc-cse-2024-gs1-q099","paper-upsc-cse-2024-gs1","upsc-cse","","PRELIMS","subj-polity","OFFICIAL_PYQ",2,"ELIGIBLE"
"q-upsc-cse-2024-gs1-q100","paper-upsc-cse-2024-gs1","upsc-cse","","PRELIMS","subj-economics","OFFICIAL_PYQ",2,"ELIGIBLE"
"q-upsc-nda-2023-gat-q1","paper-upsc-nda-2023-gat","upsc-nda","","","subj-science","OFFICIAL_PYQ",2,"ELIGIBLE"
