exam_id,source_type,pyq_count,authentic_source_verified,zero_synthetic_fabrication,status
"ver-cbse-board-2023","OFFICIAL_PYQ",1,"GOVERNMENT_NOTIFICATION_ARCHIVE","PASS (0 Synthetic)","AUTHENTIC_PRESERVED"
"ver-ctet-exam-2026","OFFICIAL_PYQ",30,"GOVERNMENT_NOTIFICATION_ARCHIVE","PASS (0 Synthetic)","AUTHENTIC_PRESERVED"
"ver-ibps-po-clerk-2023","OFFICIAL_PYQ",2,"GOVERNMENT_NOTIFICATION_ARCHIVE","PASS (0 Synthetic)","AUTHENTIC_PRESERVED"
"ver-nta-neet-2023","OFFICIAL_PYQ",2,"GOVERNMENT_NOTIFICATION_ARCHIVE","PASS (0 Synthetic)","AUTHENTIC_PRESERVED"
"ver-rrb-ntpc-2022","OFFICIAL_PYQ",2,"GOVERNMENT_NOTIFICATION_ARCHIVE","PASS (0 Synthetic)","AUTHENTIC_PRESERVED"
"ver-rrb-ntpc-2026","OFFICIAL_PYQ",30,"GOVERNMENT_NOTIFICATION_ARCHIVE","PASS (0 Synthetic)","AUTHENTIC_PRESERVED"
"ver-ssc-cgl-2022","OFFICIAL_PYQ",4,"GOVERNMENT_NOTIFICATION_ARCHIVE","PASS (0 Synthetic)","AUTHENTIC_PRESERVED"
"ver-ssc-cgl-2023","OFFICIAL_PYQ",4,"GOVERNMENT_NOTIFICATION_ARCHIVE","PASS (0 Synthetic)","AUTHENTIC_PRESERVED"
"ver-ssc-cgl-2026","OFFICIAL_PYQ",101,"GOVERNMENT_NOTIFICATION_ARCHIVE","PASS (0 Synthetic)","AUTHENTIC_PRESERVED"
"ver-tndge-tamilnadu-2026","OFFICIAL_PYQ",25,"GOVERNMENT_NOTIFICATION_ARCHIVE","PASS (0 Synthetic)","AUTHENTIC_PRESERVED"
"ver-up-police-constable-2024","OFFICIAL_PYQ",2,"GOVERNMENT_NOTIFICATION_ARCHIVE","PASS (0 Synthetic)","AUTHENTIC_PRESERVED"
"ver-up-police-constable-2026","OFFICIAL_PYQ",38,"GOVERNMENT_NOTIFICATION_ARCHIVE","PASS (0 Synthetic)","AUTHENTIC_PRESERVED"
"ver-upsc-cse-2021","OFFICIAL_PYQ",3,"GOVERNMENT_NOTIFICATION_ARCHIVE","PASS (0 Synthetic)","AUTHENTIC_PRESERVED"
"ver-upsc-cse-2022","OFFICIAL_PYQ",3,"GOVERNMENT_NOTIFICATION_ARCHIVE","PASS (0 Synthetic)","AUTHENTIC_PRESERVED"
"ver-upsc-cse-2023","OFFICIAL_PYQ",3,"GOVERNMENT_NOTIFICATION_ARCHIVE","PASS (0 Synthetic)","AUTHENTIC_PRESERVED"
"ver-upsc-cse-2026","OFFICIAL_PYQ",100,"GOVERNMENT_NOTIFICATION_ARCHIVE","PASS (0 Synthetic)","AUTHENTIC_PRESERVED"
"ver-upsc-nda-2023","OFFICIAL_PYQ",1,"GOVERNMENT_NOTIFICATION_ARCHIVE","PASS (0 Synthetic)","AUTHENTIC_PRESERVED"
