paper_id,exam_id,title,total_questions,has_answer_key,pdf_ready,exact_order_preserved,uniqueness_verified
"paper-cbse-10-sci-2023-set1","cbse-board","CBSE Class 10 Science Board Exam 2023 Set 1",2,0,1,1,1
"paper-cbse-10-sci-2025-sp","cbse-board","CBSE Class 10 Science Official Sample Question Paper 2024-25",20,1,1,1,1
"paper-cbse-10-science-2024","cbse-board","Science",39,0,1,1,1
"paper-ctet-2024-p1-cdp","ctet-exam","CTET Jan 2024 Paper 1 Child Development and Pedagogy",30,1,1,1,1
"paper-ibps-po-2023-pre-s1","ibps-po-clerk","IBPS PO Prelims 2023 Shift 1",2,0,1,1,1
"paper-neet-ug-2024-code-q1","nta-neet","Paper 1",0,0,1,1,1
"paper-nta-neet-2023-code-f1","nta-neet","NEET UG 2023 Question Paper Code F1",3,0,1,1,1
"paper-rrb-ntpc-2022-cbt1-s1","rrb-ntpc","RRB NTPC CBT-1 2022 Shift 1",3,0,1,1,1
"paper-rrb-ntpc-2024-cbt1-ga","rrb-ntpc","RRB NTPC CBT-1 Official Shift 1 General Awareness",30,1,1,1,1
"paper-ssc-cgl-2022-t1-s1","ssc-cgl","SSC CGL 2022 Tier 1 Shift 1",4,0,1,1,1
"paper-ssc-cgl-2023-t1-s1","ssc-cgl","SSC CGL 2023 Tier 1 Shift 1",4,0,1,1,1
"paper-ssc-cgl-2024-t1-s1","ssc-cgl","Paper 1",101,1,1,1,1
"paper-tn-sslc-tamil-2024","tndge-tamilnadu","Tamil",25,0,1,1,1
"paper-upp-constable-2024-s1","up-police-constable","UP Police Constable Examination 2024 Shift 1",2,0,1,1,1
"paper-upp-constable-2024-s2-gk","up-police-constable","UP Police Constable 2024 Shift 2 General Knowledge Paper",38,1,1,1,1
"paper-upsc-cse-2021-gs1","upsc-cse","UPSC CSE Prelims 2021 GS Paper 1",10,0,1,1,1
"paper-upsc-cse-2022-gs1","upsc-cse","UPSC CSE Prelims 2022 GS Paper 1",10,0,1,1,1
"paper-upsc-cse-2023-gs1","upsc-cse","UPSC CSE Prelims 2023 GS Paper 1",10,0,1,1,1
"paper-upsc-cse-2024-gs1","upsc-cse","UPSC CSE Prelims 2024 GS Paper 1",100,1,1,1,1
"paper-upsc-nda-2023-gat","upsc-nda","UPSC NDA 2023 General Ability Test",2,0,1,1,1
