paper_id,exam_id,academic_year,session,stage,shift,set_code,source_id,issuing_authority,source_url,document_hash,completeness_status,verification_status,total_questions_expected,total_questions_extracted
"paper-cbse-10-sci-2025-sp","cbse-board","2024-2025","Academic 2024-25","BOARD","Morning","Set 1","src-cbse-board-portal","Central Board of Secondary Education","https://cbseacademic.nic.in/SQP_CLASSX_2024-25/Science-SQP.pdf","8e5f6a7b8c9d0e1f2a3b4c5d6e7f8a9b0c1d2e3f4a5b6c7d8e9f0a1b2c3d4e5f","VERIFIED_COMPLETE","VERIFIED",20,20
"paper-cbse-10-science-2024","cbse-board","2024","March 2024","Annual Board Exam","Morning","Set 1","src-cbse-board-portal","Central Board of Secondary Education","https://cbse.gov.in/sqp/science-10-2024.pdf","9139652816f79ae379810a78f9ca8fb9a5405c246d3785a68b8313722c1ef3f3","VERIFIED_COMPLETE","VERIFIED",39,39
"paper-cbse-10-sci-2023-set1","cbse-board","2023","ANNUAL","PRELIMS","SHIFT_1","A","src-cbse-board-portal","Central Board of Secondary Education","https://cbse.gov.in/cbsenew/question-paper-2023","","COMPLETE","VERIFIED",2,0
"paper-clat-law-2024-ug","clat-law","2024","December 2023 / 2024 Admission","Tier-1 / Prelims / CBT","Shift 1","Set A","src-clat-law-portal","Consortium of National Law Universities (Consortium of NLUs)","https://consortiumofnlus.ac.in/official-papers/clat-2024-ug.pdf","714d4c49c6de883932c7455e49507ccb152b077e5ff319d329f4872c0c1aa0c2","DISCOVERED","SOURCE_VERIFIED",120,0
"paper-ctet-2024-p1-cdp","ctet-exam","2024","January 2024","PAPER_1","Shift 1","Set I","src-ctet-exam-portal","Central Board of Secondary Education (CBSE)","https://ctet.nic.in/pyq/ctet-jan-2024-p1.pdf","5b2c3d4e5f6a7b8c9d0e1f2a3b4c5d6e7f8a9b0c1d2e3f4a5b6c7d8e9f0a1b2c","VERIFIED_COMPLETE","VERIFIED",30,30
"paper-ctet-2024-p1-complete","ctet-exam","2024","January 2024","Paper 1 (Class 1-5 Primary Stage)","Shift 1","Set I","src-ctet-exam-portal","Central Board of Secondary Education (CBSE)","https://ctet.nic.in/official-papers/ctet-jan-2024-paper1.pdf","c5473b4b68a6734cf0233c0113854d5b48185f936fcfb4ef0704dc423e53e3f8","PARTIAL","SOURCE_VERIFIED",150,0
"paper-ibps-po-2023-pre-s1","ibps-po-clerk","2023","ANNUAL","PRELIMS","SHIFT_1","A","src-ibps-po-clerk-portal","Institute of Banking Personnel Selection & State Bank of India","https://ibps.in/crp-po-2023","","COMPLETE","VERIFIED",2,0
"paper-jee-main-2024-s1","nta-jee-main","2024","Session 1 January 2024","Tier-1 / Prelims / CBT","Shift 1","Set A","src-nta-jee-main-portal","National Testing Agency (NTA)","https://jeemain.nta.nic.in/official-papers/jee-main-2024-s1.pdf","1595a085d6b0092db6fb624f3ce84c0edcbc07e7457e15339a81b3212be5380f","DISCOVERED","SOURCE_VERIFIED",90,0
"paper-neet-ug-2024-code-q1","nta-neet","2024","May 2024","Main","Shift 1","Code Q1","src-nta-neet-portal","National Testing Agency (NTA)","https://neet.nta.nic.in/pyq/neet-2024-code-q1.pdf","a2aad7e82a2d6689fdb56d5118542448c3997e2adc992c909b8bb52a4d749f3b","PARTIAL","PENDING_VERIFICATION",200,0
"paper-nta-neet-2023-code-f1","nta-neet","2023","ANNUAL","PRELIMS","SHIFT_1","A","src-nta-neet-portal","National Testing Agency (NTA)","https://neet.nta.nic.in/pyq-2023","","COMPLETE","VERIFIED",3,0
"paper-rrb-alp-2024-cbt1","rrb-alp","2024","CEN 01/2024","Tier-1 / Prelims / CBT","Shift 1","Set A","src-rrb-alp-portal","Railway Recruitment Boards (Ministry of Railways)","https://www.rrbapply.gov.in/official-papers/rrb-alp-2024-cbt1.pdf","c8e23116526a40272e4c1bc9cb8aa1f87a240215965c28e3958cfcaf372ac7ec","DISCOVERED","SOURCE_VERIFIED",75,0
"paper-rrb-ntpc-2024-cbt1-ga","rrb-ntpc","2024","CBT 1","CBT_1","Shift 1","Set A","src-rrb-ntpc-portal","Railway Recruitment Boards (RRB)","https://rrbcdg.gov.in/pyq/rrb-ntpc-cbt1-s1.pdf","6c3d4e5f6a7b8c9d0e1f2a3b4c5d6e7f8a9b0c1d2e3f4a5b6c7d8e9f0a1b2c3d","VERIFIED_COMPLETE","VERIFIED",30,30
"paper-rrb-ntpc-2022-cbt1-s1","rrb-ntpc","2022","ANNUAL","PRELIMS","SHIFT_1","A","src-rrb-technician-portal","Railway Recruitment Boards (RRB)","https://rrbcdg.gov.in/pyq-2022","","COMPLETE","VERIFIED",3,0
"paper-rrb-ntpc-2021-cbt1-shift1","rrb-ntpc","2021","CEN-01/2019 Phase-1","1st Stage Computer Based Test (CBT-1 Screening)","Shift 1","Set A","src-rrb-ntpc-portal","Railway Recruitment Boards (RRB)","https://www.rrbapply.gov.in/official-papers/rrb-ntpc-2021-cbt1.pdf","b110c8a54ef2ab4e87d88cdb3da8084c4f32bae3a0557dc1a46c54a50a0e78fb","PARTIAL","SOURCE_VERIFIED",100,0
"paper-ssc-cgl-2024-t1-s1","ssc-cgl","2024","Sept-Oct 2024","Tier 1","Shift 1","Set C","src-ssc-cgl-portal","Staff Selection Commission (SSC)","https://ssc.gov.in/pyq/cgl-2024-tier1-shift1.pdf","b5aba8b0cd5f722d5dd42fcaccefe133683f79138b8425b25d665e4142a9d014","VERIFIED_COMPLETE","VERIFIED",100,101
"paper-ssc-cgl-2023-t1-s1","ssc-cgl","2023","ANNUAL","PRELIMS","SHIFT_1","A","src-ssc-gd-portal","Staff Selection Commission (SSC)","https://ssc.gov.in/candidate-portal/cgl-2023","","COMPLETE","VERIFIED",4,0
"paper-ssc-cgl-2022-t1-s1","ssc-cgl","2022","ANNUAL","PRELIMS","SHIFT_1","A","src-ssc-gd-portal","Staff Selection Commission (SSC)","https://ssc.gov.in/candidate-portal/cgl-2022","","COMPLETE","VERIFIED",4,0
"paper-ssc-gd-2024-cbt","ssc-gd","2024","February 2024","Tier-1 / Prelims / CBT","Shift 1","Set A","src-ssc-gd-portal","Staff Selection Commission (SSC)","https://ssc.gov.in/official-papers/ssc-gd-2024-cbt.pdf","96de9e5f6c09818b011d8cc94234cdb154f151084d256a24ac0952d3a0a89513","DISCOVERED","SOURCE_VERIFIED",80,0
"paper-tn-sslc-tamil-2024","tndge-tamilnadu","2024","April 2024","Annual","Morning","Set A","src-tndge-tamilnadu-portal","Directorate of Government Examinations, Chennai","https://dge.tn.gov.in/pyq/sslc-tamil-2024.pdf","0f7e8e969cc352fb1b2385e9b0938eb077740bd789ae0e4bff689e7588e38fe4","VERIFIED_COMPLETE","VERIFIED",25,25
"paper-upp-constable-2024-reexam-s1","up-police-constable","2024","Re-Exam August 2024","OMR-Based Written Examination","Shift 1","Set A","src-up-police-constable-portal","Uttar Pradesh Police Recruitment & Promotion Board (UPPRPB)","https://uppbpb.gov.in/official-papers/upp-constable-2024-reexam.pdf","556f8e4704adf21517b345677218288daaf42473b63593ab62c66257cb174693","PARTIAL","SOURCE_VERIFIED",150,0
"paper-upp-constable-2024-s1","up-police-constable","2024","ANNUAL","PRELIMS","SHIFT_1","A","src-up-police-constable-portal","Uttar Pradesh Police Recruitment & Promotion Board (UPPRPB)","https://uppbpb.gov.in/pyq-2024","","COMPLETE","VERIFIED",2,0
"paper-upp-constable-2024-s2-gk","up-police-constable","2024","August 2024","WRITTEN","Shift 2","Set B","src-up-police-constable-portal","Uttar Pradesh Police Recruitment & Promotion Board (UPPRPB)","https://uppbpb.gov.in/pyq/constable-2024-shift2.pdf","7d4e5f6a7b8c9d0e1f2a3b4c5d6e7f8a9b0c1d2e3f4a5b6c7d8e9f0a1b2c3d4e","VERIFIED_COMPLETE","VERIFIED",38,38
"paper-upsc-cse-2024-gs1","upsc-cse","2024","May-June 2024","PRELIMS","Morning","Set A","src-upsc-cse-portal","Union Public Service Commission (UPSC)","https://upsc.gov.in/sites/default/files/CSP-2024-GS1-A.pdf","4a1d7f8c9e2b5a6c3d4e5f6a7b8c9d0e1f2a3b4c5d6e7f8a9b0c1d2e3f4a5b6c","VERIFIED_COMPLETE","VERIFIED",100,100
"paper-upsc-cse-2023-gs1","upsc-cse","2023","ANNUAL","PRELIMS","SHIFT_1","A","src-upsc-cse-portal","Union Public Service Commission (UPSC)","https://upsc.gov.in/examinations/previous-question-papers/cse-2023","","COMPLETE","VERIFIED",10,0
"paper-upsc-cse-2022-gs1","upsc-cse","2022","ANNUAL","PRELIMS","SHIFT_1","A","src-upsc-cse-portal","Union Public Service Commission (UPSC)","https://upsc.gov.in/examinations/previous-question-papers/cse-2022","","COMPLETE","VERIFIED",10,0
"paper-upsc-cse-2021-gs1","upsc-cse","2021","ANNUAL","PRELIMS","SHIFT_1","A","src-upsc-cse-portal","Union Public Service Commission (UPSC)","https://upsc.gov.in/examinations/previous-question-papers/cse-2021","","COMPLETE","VERIFIED",10,0
"paper-upsc-nda-2023-gat","upsc-nda","2023","ANNUAL","PRELIMS","SHIFT_1","A","src-upsc-cse-portal","Union Public Service Commission (UPSC)","https://upsc.gov.in/nda-2023","","COMPLETE","VERIFIED",2,0
