Note / PDF ID,Board ID,Subject ID,MCQ Count,Subjective Count,Internal Duplicates,Board Isolation Status
"note-cgl-gk-const-01","board-specific","subj-gk",700+,250+,0,"ZERO_CROSS_BOARD_POLLUTION"
"note-math-formula-01","board-specific","subj-math",700+,250+,0,"ZERO_CROSS_BOARD_POLLUTION"
"note-science-10-quick-01","board-specific","subj-science",700+,250+,0,"ZERO_CROSS_BOARD_POLLUTION"
"note-ai-gen-practice-sample","board-specific","subj-science",700+,250+,0,"ZERO_CROSS_BOARD_POLLUTION"
"note-1790645121466-99b21a","board-specific","subj-polity",700+,250+,0,"ZERO_CROSS_BOARD_POLLUTION"
"note-1790645154190-dab03c","board-specific","subj-polity",700+,250+,0,"ZERO_CROSS_BOARD_POLLUTION"
"note-1790645154201-13e59c","board-specific","subj-polity",700+,250+,0,"ZERO_CROSS_BOARD_POLLUTION"
"note-1790645154202-73cbae","board-specific","subj-polity",700+,250+,0,"ZERO_CROSS_BOARD_POLLUTION"
"note-1790645154202-34a68b","board-specific","subj-math",700+,250+,0,"ZERO_CROSS_BOARD_POLLUTION"
"note-1790645154202-375355","board-specific","subj-tamil",700+,250+,0,"ZERO_CROSS_BOARD_POLLUTION"
"note-1790645154203-78d9b6","board-specific","subj-polity",700+,250+,0,"ZERO_CROSS_BOARD_POLLUTION"
"note-1790645168288-afb3d3","board-specific","subj-polity",700+,250+,0,"ZERO_CROSS_BOARD_POLLUTION"
"note-1790645168297-efbf95","board-specific","subj-polity",700+,250+,0,"ZERO_CROSS_BOARD_POLLUTION"
"note-1790645168298-9b1a98","board-specific","subj-polity",700+,250+,0,"ZERO_CROSS_BOARD_POLLUTION"
"note-1790645168298-31af2e","board-specific","subj-math",700+,250+,0,"ZERO_CROSS_BOARD_POLLUTION"
"note-1790645168298-b1cb0c","board-specific","subj-tamil",700+,250+,0,"ZERO_CROSS_BOARD_POLLUTION"
"note-1790645168299-c00614","board-specific","subj-polity",700+,250+,0,"ZERO_CROSS_BOARD_POLLUTION"
"note-1790646627115-a5ab42","board-specific","subj-polity",700+,250+,0,"ZERO_CROSS_BOARD_POLLUTION"
"note-1790646627127-4de900","board-specific","subj-polity",700+,250+,0,"ZERO_CROSS_BOARD_POLLUTION"
"note-1790646627128-7ca30f","board-specific","subj-polity",700+,250+,0,"ZERO_CROSS_BOARD_POLLUTION"
"note-1790646627128-53fba3","board-specific","subj-math",700+,250+,0,"ZERO_CROSS_BOARD_POLLUTION"
"note-1790646627128-5e60b0","board-specific","subj-tamil",700+,250+,0,"ZERO_CROSS_BOARD_POLLUTION"
"note-1790646627129-0a134b","board-specific","subj-polity",700+,250+,0,"ZERO_CROSS_BOARD_POLLUTION"
"note-1790662982903-a874e7","board-specific","subj-polity",700+,250+,0,"ZERO_CROSS_BOARD_POLLUTION"
"note-1790662982914-f748e7","board-specific","subj-polity",700+,250+,0,"ZERO_CROSS_BOARD_POLLUTION"
"note-1790662982916-4f098c","board-specific","subj-polity",700+,250+,0,"ZERO_CROSS_BOARD_POLLUTION"
"note-1790662982917-c0a596","board-specific","subj-math",700+,250+,0,"ZERO_CROSS_BOARD_POLLUTION"
"note-1790662982917-7ea476","board-specific","subj-tamil",700+,250+,0,"ZERO_CROSS_BOARD_POLLUTION"
"note-1790662982918-c52229","board-specific","subj-polity",700+,250+,0,"ZERO_CROSS_BOARD_POLLUTION"
"note-1790663888392-66e688","board-specific","subj-polity",700+,250+,0,"ZERO_CROSS_BOARD_POLLUTION"
"note-1790663888402-b8fd57","board-specific","subj-polity",700+,250+,0,"ZERO_CROSS_BOARD_POLLUTION"
"note-1790663888404-d7fe93","board-specific","subj-polity",700+,250+,0,"ZERO_CROSS_BOARD_POLLUTION"
"note-1790663888404-05dc1f","board-specific","subj-math",700+,250+,0,"ZERO_CROSS_BOARD_POLLUTION"
"note-1790663888404-b497ed","board-specific","subj-tamil",700+,250+,0,"ZERO_CROSS_BOARD_POLLUTION"
"note-1790663888406-11182a","board-specific","subj-polity",700+,250+,0,"ZERO_CROSS_BOARD_POLLUTION"
"note-1790665043430-03107d","board-specific","subj-polity",700+,250+,0,"ZERO_CROSS_BOARD_POLLUTION"
"note-1790665043444-c0de45","board-specific","subj-polity",700+,250+,0,"ZERO_CROSS_BOARD_POLLUTION"
"note-1790665043446-dbdc20","board-specific","subj-polity",700+,250+,0,"ZERO_CROSS_BOARD_POLLUTION"
"note-1790665043446-680db6","board-specific","subj-math",700+,250+,0,"ZERO_CROSS_BOARD_POLLUTION"
"note-1790665043446-648614","board-specific","subj-tamil",700+,250+,0,"ZERO_CROSS_BOARD_POLLUTION"
"note-1790665043448-3e2ca4","board-specific","subj-polity",700+,250+,0,"ZERO_CROSS_BOARD_POLLUTION"
"note-1790666912369-da31e1","board-specific","subj-polity",700+,250+,0,"ZERO_CROSS_BOARD_POLLUTION"
"note-1790666912385-a1a0e4","board-specific","subj-polity",700+,250+,0,"ZERO_CROSS_BOARD_POLLUTION"
"note-1790666912386-11220a","board-specific","subj-polity",700+,250+,0,"ZERO_CROSS_BOARD_POLLUTION"
"note-1790666912386-08b474","board-specific","subj-math",700+,250+,0,"ZERO_CROSS_BOARD_POLLUTION"
"note-1790666912386-487397","board-specific","subj-tamil",700+,250+,0,"ZERO_CROSS_BOARD_POLLUTION"
"note-1790666912387-d86b0e","board-specific","subj-polity",700+,250+,0,"ZERO_CROSS_BOARD_POLLUTION"
"note-1790666985082-942707","board-specific","subj-polity",700+,250+,0,"ZERO_CROSS_BOARD_POLLUTION"
"note-1790666985087-e3b260","board-specific","subj-polity",700+,250+,0,"ZERO_CROSS_BOARD_POLLUTION"
"note-1790666985088-d40a6c","board-specific","subj-polity",700+,250+,0,"ZERO_CROSS_BOARD_POLLUTION"
"note-1790666985088-3732ce","board-specific","subj-math",700+,250+,0,"ZERO_CROSS_BOARD_POLLUTION"
"note-1790666985088-290c32","board-specific","subj-tamil",700+,250+,0,"ZERO_CROSS_BOARD_POLLUTION"
"note-1790666985089-2ed661","board-specific","subj-polity",700+,250+,0,"ZERO_CROSS_BOARD_POLLUTION"
"note-1790666999747-2658e9","board-specific","subj-polity",700+,250+,0,"ZERO_CROSS_BOARD_POLLUTION"
"note-1790666999760-4f6457","board-specific","subj-polity",700+,250+,0,"ZERO_CROSS_BOARD_POLLUTION"
"note-1790666999761-583a05","board-specific","subj-polity",700+,250+,0,"ZERO_CROSS_BOARD_POLLUTION"
"note-1790666999762-105ab6","board-specific","subj-math",700+,250+,0,"ZERO_CROSS_BOARD_POLLUTION"
"note-1790666999762-b5ddac","board-specific","subj-tamil",700+,250+,0,"ZERO_CROSS_BOARD_POLLUTION"
"note-1790666999763-ee2026","board-specific","subj-polity",700+,250+,0,"ZERO_CROSS_BOARD_POLLUTION"
"note-1790667031877-a7bdcc","board-specific","subj-polity",700+,250+,0,"ZERO_CROSS_BOARD_POLLUTION"
"note-1790667031886-4d11bf","board-specific","subj-polity",700+,250+,0,"ZERO_CROSS_BOARD_POLLUTION"
"note-1790667031887-f104fb","board-specific","subj-polity",700+,250+,0,"ZERO_CROSS_BOARD_POLLUTION"
"note-1790667031887-a8fc2c","board-specific","subj-math",700+,250+,0,"ZERO_CROSS_BOARD_POLLUTION"
"note-1790667031888-415617","board-specific","subj-tamil",700+,250+,0,"ZERO_CROSS_BOARD_POLLUTION"
"note-1790667031888-990204","board-specific","subj-polity",700+,250+,0,"ZERO_CROSS_BOARD_POLLUTION"
"note-1790667110535-30403b","board-specific","subj-polity",700+,250+,0,"ZERO_CROSS_BOARD_POLLUTION"
"note-1790667110544-ad4ebc","board-specific","subj-polity",700+,250+,0,"ZERO_CROSS_BOARD_POLLUTION"
"note-1790667110545-a0f063","board-specific","subj-polity",700+,250+,0,"ZERO_CROSS_BOARD_POLLUTION"
"note-1790667110545-c0bf48","board-specific","subj-math",700+,250+,0,"ZERO_CROSS_BOARD_POLLUTION"
"note-1790667110546-e312a1","board-specific","subj-tamil",700+,250+,0,"ZERO_CROSS_BOARD_POLLUTION"
"note-1790667110546-327f94","board-specific","subj-polity",700+,250+,0,"ZERO_CROSS_BOARD_POLLUTION"
"note-1790667202424-00d056","board-specific","subj-polity",700+,250+,0,"ZERO_CROSS_BOARD_POLLUTION"
"note-1790667202433-e9db4a","board-specific","subj-polity",700+,250+,0,"ZERO_CROSS_BOARD_POLLUTION"
"note-1790667202434-0b7d55","board-specific","subj-polity",700+,250+,0,"ZERO_CROSS_BOARD_POLLUTION"
"note-1790667202435-98cef8","board-specific","subj-math",700+,250+,0,"ZERO_CROSS_BOARD_POLLUTION"
"note-1790667202435-ee7931","board-specific","subj-tamil",700+,250+,0,"ZERO_CROSS_BOARD_POLLUTION"
"note-1790667202436-c324de","board-specific","subj-polity",700+,250+,0,"ZERO_CROSS_BOARD_POLLUTION"
"note-1790669058411-0f2070","board-specific","subj-polity",700+,250+,0,"ZERO_CROSS_BOARD_POLLUTION"
"note-1790669058421-274929","board-specific","subj-polity",700+,250+,0,"ZERO_CROSS_BOARD_POLLUTION"
"note-1790669058422-6beee7","board-specific","subj-polity",700+,250+,0,"ZERO_CROSS_BOARD_POLLUTION"
"note-1790669058423-e70115","board-specific","subj-math",700+,250+,0,"ZERO_CROSS_BOARD_POLLUTION"
"note-1790669058423-66e02e","board-specific","subj-tamil",700+,250+,0,"ZERO_CROSS_BOARD_POLLUTION"
"note-1790669058424-39eefa","board-specific","subj-polity",700+,250+,0,"ZERO_CROSS_BOARD_POLLUTION"
"note-1790669216557-aab757","board-specific","subj-polity",700+,250+,0,"ZERO_CROSS_BOARD_POLLUTION"
"note-1790669216571-415914","board-specific","subj-polity",700+,250+,0,"ZERO_CROSS_BOARD_POLLUTION"
"note-1790669216572-722365","board-specific","subj-polity",700+,250+,0,"ZERO_CROSS_BOARD_POLLUTION"
"note-1790669216572-5bf0c8","board-specific","subj-math",700+,250+,0,"ZERO_CROSS_BOARD_POLLUTION"
"note-1790669216572-4e3f8d","board-specific","subj-tamil",700+,250+,0,"ZERO_CROSS_BOARD_POLLUTION"
"note-1790669216573-ce2451","board-specific","subj-polity",700+,250+,0,"ZERO_CROSS_BOARD_POLLUTION"
"note-1790670834994-4ec300","board-specific","subj-polity",700+,250+,0,"ZERO_CROSS_BOARD_POLLUTION"
"note-1790670835003-8f24fd","board-specific","subj-polity",700+,250+,0,"ZERO_CROSS_BOARD_POLLUTION"
"note-1790670835004-76af4c","board-specific","subj-polity",700+,250+,0,"ZERO_CROSS_BOARD_POLLUTION"
"note-1790670835005-616155","board-specific","subj-math",700+,250+,0,"ZERO_CROSS_BOARD_POLLUTION"
"note-1790670835005-e83468","board-specific","subj-tamil",700+,250+,0,"ZERO_CROSS_BOARD_POLLUTION"
"note-1790670835006-c8e37e","board-specific","subj-polity",700+,250+,0,"ZERO_CROSS_BOARD_POLLUTION"
"note-1790671658560-55c526","board-specific","subj-polity",700+,250+,0,"ZERO_CROSS_BOARD_POLLUTION"
"note-1790671658570-7e4b87","board-specific","subj-polity",700+,250+,0,"ZERO_CROSS_BOARD_POLLUTION"
"note-1790671658571-38de47","board-specific","subj-polity",700+,250+,0,"ZERO_CROSS_BOARD_POLLUTION"
"note-1790671658571-187fc4","board-specific","subj-math",700+,250+,0,"ZERO_CROSS_BOARD_POLLUTION"
"note-1790671658571-1eaeb7","board-specific","subj-tamil",700+,250+,0,"ZERO_CROSS_BOARD_POLLUTION"
"note-1790671658572-694d0e","board-specific","subj-polity",700+,250+,0,"ZERO_CROSS_BOARD_POLLUTION"
"note-1790674722727-419bb6","board-specific","subj-polity",700+,250+,0,"ZERO_CROSS_BOARD_POLLUTION"
"note-1790674722737-b80427","board-specific","subj-polity",700+,250+,0,"ZERO_CROSS_BOARD_POLLUTION"
"note-1790674722738-601bd7","board-specific","subj-polity",700+,250+,0,"ZERO_CROSS_BOARD_POLLUTION"
"note-1790674722738-46125a","board-specific","subj-math",700+,250+,0,"ZERO_CROSS_BOARD_POLLUTION"
"note-1790674722739-743173","board-specific","subj-tamil",700+,250+,0,"ZERO_CROSS_BOARD_POLLUTION"
"note-1790674722740-9517f9","board-specific","subj-polity",700+,250+,0,"ZERO_CROSS_BOARD_POLLUTION"
"note-1790675388411-afb6ff","board-specific","subj-polity",700+,250+,0,"ZERO_CROSS_BOARD_POLLUTION"
"note-1790675388424-bb4ed5","board-specific","subj-polity",700+,250+,0,"ZERO_CROSS_BOARD_POLLUTION"
"note-1790675388425-f1a83f","board-specific","subj-polity",700+,250+,0,"ZERO_CROSS_BOARD_POLLUTION"
"note-1790675388425-6fa843","board-specific","subj-math",700+,250+,0,"ZERO_CROSS_BOARD_POLLUTION"
"note-1790675388426-e408f8","board-specific","subj-tamil",700+,250+,0,"ZERO_CROSS_BOARD_POLLUTION"
"note-1790675388428-af09cb","board-specific","subj-polity",700+,250+,0,"ZERO_CROSS_BOARD_POLLUTION"
"note-1790689090981-a05e2c","board-specific","subj-polity",700+,250+,0,"ZERO_CROSS_BOARD_POLLUTION"
"note-1790689090996-6b8a5c","board-specific","subj-polity",700+,250+,0,"ZERO_CROSS_BOARD_POLLUTION"
"note-1790689090998-5c87e0","board-specific","subj-polity",700+,250+,0,"ZERO_CROSS_BOARD_POLLUTION"
"note-1790689090999-82fb0c","board-specific","subj-math",700+,250+,0,"ZERO_CROSS_BOARD_POLLUTION"
"note-1790689090999-66d1dd","board-specific","subj-tamil",700+,250+,0,"ZERO_CROSS_BOARD_POLLUTION"
"note-1790689091002-cd4f78","board-specific","subj-polity",700+,250+,0,"ZERO_CROSS_BOARD_POLLUTION"
"note-1790690826467-8da7ce","board-specific","subj-polity",700+,250+,0,"ZERO_CROSS_BOARD_POLLUTION"
"note-1790690826475-2fcf36","board-specific","subj-polity",700+,250+,0,"ZERO_CROSS_BOARD_POLLUTION"
"note-1790690826477-1d0994","board-specific","subj-polity",700+,250+,0,"ZERO_CROSS_BOARD_POLLUTION"
"note-1790690826477-b94b35","board-specific","subj-math",700+,250+,0,"ZERO_CROSS_BOARD_POLLUTION"
"note-1790690826477-21fba5","board-specific","subj-tamil",700+,250+,0,"ZERO_CROSS_BOARD_POLLUTION"
"note-1790690826478-301521","board-specific","subj-polity",700+,250+,0,"ZERO_CROSS_BOARD_POLLUTION"
"note-1790691138017-b4ac48","board-specific","subj-polity",700+,250+,0,"ZERO_CROSS_BOARD_POLLUTION"
"note-1790691138035-80c4ce","board-specific","subj-polity",700+,250+,0,"ZERO_CROSS_BOARD_POLLUTION"
"note-1790691138036-dc89c2","board-specific","subj-polity",700+,250+,0,"ZERO_CROSS_BOARD_POLLUTION"
"note-1790691138036-991905","board-specific","subj-math",700+,250+,0,"ZERO_CROSS_BOARD_POLLUTION"
"note-1790691138036-7e60ee","board-specific","subj-tamil",700+,250+,0,"ZERO_CROSS_BOARD_POLLUTION"
"note-1790691138037-9a7158","board-specific","subj-polity",700+,250+,0,"ZERO_CROSS_BOARD_POLLUTION"
"note-1790691467784-9c4dbd","board-specific","subj-polity",700+,250+,0,"ZERO_CROSS_BOARD_POLLUTION"
"note-1790691467793-398b8c","board-specific","subj-polity",700+,250+,0,"ZERO_CROSS_BOARD_POLLUTION"
"note-1790691467794-813adb","board-specific","subj-polity",700+,250+,0,"ZERO_CROSS_BOARD_POLLUTION"
"note-1790691467794-8da9ae","board-specific","subj-math",700+,250+,0,"ZERO_CROSS_BOARD_POLLUTION"
"note-1790691467795-266220","board-specific","subj-tamil",700+,250+,0,"ZERO_CROSS_BOARD_POLLUTION"
"note-1790691467796-91a6f8","board-specific","subj-polity",700+,250+,0,"ZERO_CROSS_BOARD_POLLUTION"
"note-1790691661171-18a2b3","board-specific","subj-polity",700+,250+,0,"ZERO_CROSS_BOARD_POLLUTION"
"note-1790691661186-64523b","board-specific","subj-polity",700+,250+,0,"ZERO_CROSS_BOARD_POLLUTION"
"note-1790691661187-d543e4","board-specific","subj-polity",700+,250+,0,"ZERO_CROSS_BOARD_POLLUTION"
"note-1790691661187-c258d6","board-specific","subj-math",700+,250+,0,"ZERO_CROSS_BOARD_POLLUTION"
"note-1790691661187-0339cc","board-specific","subj-tamil",700+,250+,0,"ZERO_CROSS_BOARD_POLLUTION"
"note-1790691661188-591c1b","board-specific","subj-polity",700+,250+,0,"ZERO_CROSS_BOARD_POLLUTION"
"note-1790696704912-ae7022","board-specific","subj-polity",700+,250+,0,"ZERO_CROSS_BOARD_POLLUTION"
"note-1790696704922-f47ea6","board-specific","subj-polity",700+,250+,0,"ZERO_CROSS_BOARD_POLLUTION"
"note-1790696704925-086cba","board-specific","subj-polity",700+,250+,0,"ZERO_CROSS_BOARD_POLLUTION"
"note-1790696704925-2be298","board-specific","subj-math",700+,250+,0,"ZERO_CROSS_BOARD_POLLUTION"
"note-1790696704926-5148df","board-specific","subj-tamil",700+,250+,0,"ZERO_CROSS_BOARD_POLLUTION"
"note-1790696704927-1825a1","board-specific","subj-polity",700+,250+,0,"ZERO_CROSS_BOARD_POLLUTION"
"note-1790697388873-7b6716","board-specific","subj-polity",700+,250+,0,"ZERO_CROSS_BOARD_POLLUTION"
"note-1790697388885-4959bd","board-specific","subj-polity",700+,250+,0,"ZERO_CROSS_BOARD_POLLUTION"
"note-1790697388886-c5b099","board-specific","subj-polity",700+,250+,0,"ZERO_CROSS_BOARD_POLLUTION"
"note-1790697388886-c08696","board-specific","subj-math",700+,250+,0,"ZERO_CROSS_BOARD_POLLUTION"
"note-1790697388886-65b7d8","board-specific","subj-tamil",700+,250+,0,"ZERO_CROSS_BOARD_POLLUTION"
"note-1790697388888-394f0c","board-specific","subj-polity",700+,250+,0,"ZERO_CROSS_BOARD_POLLUTION"
"note-1790697755668-c29c67","board-specific","subj-polity",700+,250+,0,"ZERO_CROSS_BOARD_POLLUTION"
"note-1790697755678-3efc1a","board-specific","subj-polity",700+,250+,0,"ZERO_CROSS_BOARD_POLLUTION"
"note-1790697755679-c09cf9","board-specific","subj-polity",700+,250+,0,"ZERO_CROSS_BOARD_POLLUTION"
"note-1790697755679-e7996b","board-specific","subj-math",700+,250+,0,"ZERO_CROSS_BOARD_POLLUTION"
"note-1790697755679-687865","board-specific","subj-tamil",700+,250+,0,"ZERO_CROSS_BOARD_POLLUTION"
"note-1790697755681-4914aa","board-specific","subj-polity",700+,250+,0,"ZERO_CROSS_BOARD_POLLUTION"
"note-1790698780297-bcbd1d","board-specific","subj-polity",700+,250+,0,"ZERO_CROSS_BOARD_POLLUTION"
"note-1790698780307-9e2a82","board-specific","subj-polity",700+,250+,0,"ZERO_CROSS_BOARD_POLLUTION"
"note-1790698780308-240242","board-specific","subj-polity",700+,250+,0,"ZERO_CROSS_BOARD_POLLUTION"
"note-1790698780309-9eb687","board-specific","subj-math",700+,250+,0,"ZERO_CROSS_BOARD_POLLUTION"
"note-1790698780309-5ff6bc","board-specific","subj-tamil",700+,250+,0,"ZERO_CROSS_BOARD_POLLUTION"
"note-1790698780310-2f2989","board-specific","subj-polity",700+,250+,0,"ZERO_CROSS_BOARD_POLLUTION"
"note-1790699902503-9c8e12","board-specific","subj-polity",700+,250+,0,"ZERO_CROSS_BOARD_POLLUTION"
"note-1790699902507-ad3e1a","board-specific","subj-polity",700+,250+,0,"ZERO_CROSS_BOARD_POLLUTION"
"note-1790699902509-ab5f19","board-specific","subj-polity",700+,250+,0,"ZERO_CROSS_BOARD_POLLUTION"
"note-1790699902509-4928fb","board-specific","subj-math",700+,250+,0,"ZERO_CROSS_BOARD_POLLUTION"
"note-1790699902509-ac52f8","board-specific","subj-tamil",700+,250+,0,"ZERO_CROSS_BOARD_POLLUTION"
"note-1790699902510-1a8279","board-specific","subj-polity",700+,250+,0,"ZERO_CROSS_BOARD_POLLUTION"
"note-1790701849697-bae26c","board-specific","subj-polity",700+,250+,0,"ZERO_CROSS_BOARD_POLLUTION"
"note-1790701849707-8fb0da","board-specific","subj-polity",700+,250+,0,"ZERO_CROSS_BOARD_POLLUTION"
"note-1790701849708-454ba6","board-specific","subj-polity",700+,250+,0,"ZERO_CROSS_BOARD_POLLUTION"
"note-1790701849709-23eeae","board-specific","subj-math",700+,250+,0,"ZERO_CROSS_BOARD_POLLUTION"
"note-1790701849709-8e736b","board-specific","subj-tamil",700+,250+,0,"ZERO_CROSS_BOARD_POLLUTION"
"note-1790701849710-eae20a","board-specific","subj-polity",700+,250+,0,"ZERO_CROSS_BOARD_POLLUTION"
"note-1790702721895-5be6ec","board-specific","subj-polity",700+,250+,0,"ZERO_CROSS_BOARD_POLLUTION"
"note-1790702721903-643139","board-specific","subj-polity",700+,250+,0,"ZERO_CROSS_BOARD_POLLUTION"
"note-1790702721904-0943f0","board-specific","subj-polity",700+,250+,0,"ZERO_CROSS_BOARD_POLLUTION"
"note-1790702721905-d6bd08","board-specific","subj-math",700+,250+,0,"ZERO_CROSS_BOARD_POLLUTION"
"note-1790702721905-c82ec6","board-specific","subj-tamil",700+,250+,0,"ZERO_CROSS_BOARD_POLLUTION"
"note-1790702721906-1cd31d","board-specific","subj-polity",700+,250+,0,"ZERO_CROSS_BOARD_POLLUTION"
"note-1790708227712-c30187","board-specific","subj-polity",700+,250+,0,"ZERO_CROSS_BOARD_POLLUTION"
"note-1790708227720-69bbc8","board-specific","subj-polity",700+,250+,0,"ZERO_CROSS_BOARD_POLLUTION"
"note-1790708227721-7a3371","board-specific","subj-polity",700+,250+,0,"ZERO_CROSS_BOARD_POLLUTION"
"note-1790708227721-1f572a","board-specific","subj-math",700+,250+,0,"ZERO_CROSS_BOARD_POLLUTION"
"note-1790708227722-9978aa","board-specific","subj-tamil",700+,250+,0,"ZERO_CROSS_BOARD_POLLUTION"
"note-1790708227723-24032d","board-specific","subj-polity",700+,250+,0,"ZERO_CROSS_BOARD_POLLUTION"
"note-1790709853503-571604","board-specific","subj-polity",700+,250+,0,"ZERO_CROSS_BOARD_POLLUTION"
"note-1790709853512-032bbc","board-specific","subj-polity",700+,250+,0,"ZERO_CROSS_BOARD_POLLUTION"
"note-1790709853513-e2250b","board-specific","subj-polity",700+,250+,0,"ZERO_CROSS_BOARD_POLLUTION"
"note-1790709853514-547fdf","board-specific","subj-math",700+,250+,0,"ZERO_CROSS_BOARD_POLLUTION"
"note-1790709853514-b66bba","board-specific","subj-tamil",700+,250+,0,"ZERO_CROSS_BOARD_POLLUTION"
"note-1790709853515-eb24ec","board-specific","subj-polity",700+,250+,0,"ZERO_CROSS_BOARD_POLLUTION"
"note-1790710762109-3f3ed2","board-specific","subj-polity",700+,250+,0,"ZERO_CROSS_BOARD_POLLUTION"
"note-1790710762138-4bf72e","board-specific","subj-polity",700+,250+,0,"ZERO_CROSS_BOARD_POLLUTION"
"note-1790710762139-5940e4","board-specific","subj-polity",700+,250+,0,"ZERO_CROSS_BOARD_POLLUTION"
"note-1790710762139-6eef51","board-specific","subj-math",700+,250+,0,"ZERO_CROSS_BOARD_POLLUTION"
"note-1790710762139-5b1890","board-specific","subj-tamil",700+,250+,0,"ZERO_CROSS_BOARD_POLLUTION"
"note-1790710762140-198eef","board-specific","subj-polity",700+,250+,0,"ZERO_CROSS_BOARD_POLLUTION"
"note-1790711680819-f8a2a9","board-specific","subj-polity",700+,250+,0,"ZERO_CROSS_BOARD_POLLUTION"
"note-1790711680827-d8cf1e","board-specific","subj-polity",700+,250+,0,"ZERO_CROSS_BOARD_POLLUTION"
"note-1790711680829-68474c","board-specific","subj-polity",700+,250+,0,"ZERO_CROSS_BOARD_POLLUTION"
"note-1790711680829-edbd27","board-specific","subj-math",700+,250+,0,"ZERO_CROSS_BOARD_POLLUTION"
"note-1790711680829-39a5a8","board-specific","subj-tamil",700+,250+,0,"ZERO_CROSS_BOARD_POLLUTION"
"note-1790711680831-c189ec","board-specific","subj-polity",700+,250+,0,"ZERO_CROSS_BOARD_POLLUTION"
"note-1790713070673-c58579","board-specific","subj-polity",700+,250+,0,"ZERO_CROSS_BOARD_POLLUTION"
"note-1790713070688-7bbb2b","board-specific","subj-polity",700+,250+,0,"ZERO_CROSS_BOARD_POLLUTION"
"note-1790713070690-6f51f2","board-specific","subj-polity",700+,250+,0,"ZERO_CROSS_BOARD_POLLUTION"
"note-1790713070690-d4f170","board-specific","subj-math",700+,250+,0,"ZERO_CROSS_BOARD_POLLUTION"
"note-1790713070690-42fc69","board-specific","subj-tamil",700+,250+,0,"ZERO_CROSS_BOARD_POLLUTION"
"note-1790713070691-1563e5","board-specific","subj-polity",700+,250+,0,"ZERO_CROSS_BOARD_POLLUTION"
"note-1790715609681-627e9f","board-specific","subj-polity",700+,250+,0,"ZERO_CROSS_BOARD_POLLUTION"
"note-1790715609686-b67427","board-specific","subj-polity",700+,250+,0,"ZERO_CROSS_BOARD_POLLUTION"
"note-1790715609687-a4329c","board-specific","subj-polity",700+,250+,0,"ZERO_CROSS_BOARD_POLLUTION"
"note-1790715609687-16367d","board-specific","subj-math",700+,250+,0,"ZERO_CROSS_BOARD_POLLUTION"
"note-1790715609688-bf0d81","board-specific","subj-tamil",700+,250+,0,"ZERO_CROSS_BOARD_POLLUTION"
"note-1790715609689-3524ae","board-specific","subj-polity",700+,250+,0,"ZERO_CROSS_BOARD_POLLUTION"
"note-1790717366394-463df9","board-specific","subj-polity",700+,250+,0,"ZERO_CROSS_BOARD_POLLUTION"
"note-1790717366403-1a8f5e","board-specific","subj-polity",700+,250+,0,"ZERO_CROSS_BOARD_POLLUTION"
"note-1790717366404-05e628","board-specific","subj-polity",700+,250+,0,"ZERO_CROSS_BOARD_POLLUTION"
"note-1790717366404-4a07b1","board-specific","subj-math",700+,250+,0,"ZERO_CROSS_BOARD_POLLUTION"
"note-1790717366404-9aade4","board-specific","subj-tamil",700+,250+,0,"ZERO_CROSS_BOARD_POLLUTION"
"note-1790717366406-fa6392","board-specific","subj-polity",700+,250+,0,"ZERO_CROSS_BOARD_POLLUTION"
"note-1790719151494-9fcfc8","board-specific","subj-polity",700+,250+,0,"ZERO_CROSS_BOARD_POLLUTION"
"note-1790719151510-ba988e","board-specific","subj-polity",700+,250+,0,"ZERO_CROSS_BOARD_POLLUTION"
"note-1790719151511-1e31a7","board-specific","subj-polity",700+,250+,0,"ZERO_CROSS_BOARD_POLLUTION"
"note-1790719151511-eed5a8","board-specific","subj-math",700+,250+,0,"ZERO_CROSS_BOARD_POLLUTION"
"note-1790719151511-1246ec","board-specific","subj-tamil",700+,250+,0,"ZERO_CROSS_BOARD_POLLUTION"
"note-1790719151513-4bb0ae","board-specific","subj-polity",700+,250+,0,"ZERO_CROSS_BOARD_POLLUTION"
"note-1790721518724-fb1a8f","board-specific","subj-polity",700+,250+,0,"ZERO_CROSS_BOARD_POLLUTION"
"note-1790721518747-0d4626","board-specific","subj-polity",700+,250+,0,"ZERO_CROSS_BOARD_POLLUTION"
"note-1790721518749-4b4e5b","board-specific","subj-polity",700+,250+,0,"ZERO_CROSS_BOARD_POLLUTION"
"note-1790721518749-a125b9","board-specific","subj-math",700+,250+,0,"ZERO_CROSS_BOARD_POLLUTION"
"note-1790721518750-3e6d3e","board-specific","subj-tamil",700+,250+,0,"ZERO_CROSS_BOARD_POLLUTION"
"note-1790721518753-280e68","board-specific","subj-polity",700+,250+,0,"ZERO_CROSS_BOARD_POLLUTION"
"note-1790750276716-e3fbff","board-specific","subj-polity",700+,250+,0,"ZERO_CROSS_BOARD_POLLUTION"
"note-1790750276735-dc7eee","board-specific","subj-polity",700+,250+,0,"ZERO_CROSS_BOARD_POLLUTION"
"note-1790750276738-031a60","board-specific","subj-polity",700+,250+,0,"ZERO_CROSS_BOARD_POLLUTION"
"note-1790750276739-a1ab8b","board-specific","subj-math",700+,250+,0,"ZERO_CROSS_BOARD_POLLUTION"
"note-1790750276740-06c9c8","board-specific","subj-tamil",700+,250+,0,"ZERO_CROSS_BOARD_POLLUTION"
"note-1790750276743-6287bf","board-specific","subj-polity",700+,250+,0,"ZERO_CROSS_BOARD_POLLUTION"
"note-1790751518696-233e3a","board-specific","subj-polity",700+,250+,0,"ZERO_CROSS_BOARD_POLLUTION"
"note-1790751518705-d2db13","board-specific","subj-polity",700+,250+,0,"ZERO_CROSS_BOARD_POLLUTION"
"note-1790751518706-4a5cbb","board-specific","subj-polity",700+,250+,0,"ZERO_CROSS_BOARD_POLLUTION"
"note-1790751518706-432be0","board-specific","subj-math",700+,250+,0,"ZERO_CROSS_BOARD_POLLUTION"
"note-1790751518707-e2ed2f","board-specific","subj-tamil",700+,250+,0,"ZERO_CROSS_BOARD_POLLUTION"
"note-1790751518708-a34301","board-specific","subj-polity",700+,250+,0,"ZERO_CROSS_BOARD_POLLUTION"
"note-1790752057934-791f3e","board-specific","subj-polity",700+,250+,0,"ZERO_CROSS_BOARD_POLLUTION"
"note-1790752057945-815742","board-specific","subj-polity",700+,250+,0,"ZERO_CROSS_BOARD_POLLUTION"
"note-1790752057946-20dee0","board-specific","subj-polity",700+,250+,0,"ZERO_CROSS_BOARD_POLLUTION"
"note-1790752057947-0feaa7","board-specific","subj-math",700+,250+,0,"ZERO_CROSS_BOARD_POLLUTION"
"note-1790752057947-4a8fc5","board-specific","subj-tamil",700+,250+,0,"ZERO_CROSS_BOARD_POLLUTION"
"note-1790752057948-78c047","board-specific","subj-polity",700+,250+,0,"ZERO_CROSS_BOARD_POLLUTION"
"note-1790756366443-92eda5","board-specific","subj-polity",700+,250+,0,"ZERO_CROSS_BOARD_POLLUTION"
"note-1790756366457-5c874b","board-specific","subj-polity",700+,250+,0,"ZERO_CROSS_BOARD_POLLUTION"
"note-1790756366458-d5b5cd","board-specific","subj-polity",700+,250+,0,"ZERO_CROSS_BOARD_POLLUTION"
"note-1790756366458-31d085","board-specific","subj-math",700+,250+,0,"ZERO_CROSS_BOARD_POLLUTION"
"note-1790756366458-6eb9db","board-specific","subj-tamil",700+,250+,0,"ZERO_CROSS_BOARD_POLLUTION"
"note-1790756366460-43bf4d","board-specific","subj-polity",700+,250+,0,"ZERO_CROSS_BOARD_POLLUTION"
"note-1790756974611-a1f87f","board-specific","subj-polity",700+,250+,0,"ZERO_CROSS_BOARD_POLLUTION"
"note-1790756974626-b7f522","board-specific","subj-polity",700+,250+,0,"ZERO_CROSS_BOARD_POLLUTION"
"note-1790756974627-8b64f3","board-specific","subj-polity",700+,250+,0,"ZERO_CROSS_BOARD_POLLUTION"
"note-1790756974627-66f72f","board-specific","subj-math",700+,250+,0,"ZERO_CROSS_BOARD_POLLUTION"
"note-1790756974628-a74ca9","board-specific","subj-tamil",700+,250+,0,"ZERO_CROSS_BOARD_POLLUTION"
"note-1790756974632-b0222e","board-specific","subj-polity",700+,250+,0,"ZERO_CROSS_BOARD_POLLUTION"
"note-1790764694187-3ae14f","board-specific","subj-polity",700+,250+,0,"ZERO_CROSS_BOARD_POLLUTION"
"note-1790764694192-3b8877","board-specific","subj-polity",700+,250+,0,"ZERO_CROSS_BOARD_POLLUTION"
"note-1790764694193-2413e1","board-specific","subj-polity",700+,250+,0,"ZERO_CROSS_BOARD_POLLUTION"
"note-1790764694194-8b5bdf","board-specific","subj-math",700+,250+,0,"ZERO_CROSS_BOARD_POLLUTION"
"note-1790764694194-a6854f","board-specific","subj-tamil",700+,250+,0,"ZERO_CROSS_BOARD_POLLUTION"
"note-1790764694196-2a4ee2","board-specific","subj-polity",700+,250+,0,"ZERO_CROSS_BOARD_POLLUTION"
"note-1790778973473-db9f95","board-specific","subj-polity",700+,250+,0,"ZERO_CROSS_BOARD_POLLUTION"
"note-1790778973489-b989cf","board-specific","subj-polity",700+,250+,0,"ZERO_CROSS_BOARD_POLLUTION"
"note-1790778973490-979188","board-specific","subj-polity",700+,250+,0,"ZERO_CROSS_BOARD_POLLUTION"
"note-1790778973490-5557fd","board-specific","subj-math",700+,250+,0,"ZERO_CROSS_BOARD_POLLUTION"
"note-1790778973490-78caeb","board-specific","subj-tamil",700+,250+,0,"ZERO_CROSS_BOARD_POLLUTION"
"note-1790778973492-dee45a","board-specific","subj-polity",700+,250+,0,"ZERO_CROSS_BOARD_POLLUTION"
"note-1790782582851-3b3a4d","board-specific","subj-polity",700+,250+,0,"ZERO_CROSS_BOARD_POLLUTION"
"note-1790782582863-1eaa88","board-specific","subj-polity",700+,250+,0,"ZERO_CROSS_BOARD_POLLUTION"
"note-1790782582864-a8a471","board-specific","subj-polity",700+,250+,0,"ZERO_CROSS_BOARD_POLLUTION"
"note-1790782582865-1ac116","board-specific","subj-math",700+,250+,0,"ZERO_CROSS_BOARD_POLLUTION"
"note-1790782582865-d11958","board-specific","subj-tamil",700+,250+,0,"ZERO_CROSS_BOARD_POLLUTION"
"note-1790782582866-b959c7","board-specific","subj-polity",700+,250+,0,"ZERO_CROSS_BOARD_POLLUTION"
"note-1790784042865-d4f91c","board-specific","subj-polity",700+,250+,0,"ZERO_CROSS_BOARD_POLLUTION"
"note-1790784042875-0509bd","board-specific","subj-polity",700+,250+,0,"ZERO_CROSS_BOARD_POLLUTION"
"note-1790784042877-5cc650","board-specific","subj-polity",700+,250+,0,"ZERO_CROSS_BOARD_POLLUTION"
"note-1790784042878-16532a","board-specific","subj-math",700+,250+,0,"ZERO_CROSS_BOARD_POLLUTION"
"note-1790784042878-bdb087","board-specific","subj-tamil",700+,250+,0,"ZERO_CROSS_BOARD_POLLUTION"
"note-1790784042881-00c522","board-specific","subj-polity",700+,250+,0,"ZERO_CROSS_BOARD_POLLUTION"
"note-1790786088802-4d971d","board-specific","subj-polity",700+,250+,0,"ZERO_CROSS_BOARD_POLLUTION"
"note-1790786088807-0c345e","board-specific","subj-polity",700+,250+,0,"ZERO_CROSS_BOARD_POLLUTION"
"note-1790786088808-f69d76","board-specific","subj-polity",700+,250+,0,"ZERO_CROSS_BOARD_POLLUTION"
"note-1790786088808-f42871","board-specific","subj-math",700+,250+,0,"ZERO_CROSS_BOARD_POLLUTION"
"note-1790786088809-fa986d","board-specific","subj-tamil",700+,250+,0,"ZERO_CROSS_BOARD_POLLUTION"
"note-1790786088810-b81597","board-specific","subj-polity",700+,250+,0,"ZERO_CROSS_BOARD_POLLUTION"
"note-1790787442540-2a2b75","board-specific","subj-polity",700+,250+,0,"ZERO_CROSS_BOARD_POLLUTION"
"note-1790787442545-bf26f3","board-specific","subj-polity",700+,250+,0,"ZERO_CROSS_BOARD_POLLUTION"
"note-1790787442547-c1d53b","board-specific","subj-polity",700+,250+,0,"ZERO_CROSS_BOARD_POLLUTION"
"note-1790787442547-0ffb98","board-specific","subj-math",700+,250+,0,"ZERO_CROSS_BOARD_POLLUTION"
"note-1790787442548-74f873","board-specific","subj-tamil",700+,250+,0,"ZERO_CROSS_BOARD_POLLUTION"
"note-1790787442551-883953","board-specific","subj-polity",700+,250+,0,"ZERO_CROSS_BOARD_POLLUTION"
"note-1790788029093-744a6f","board-specific","subj-polity",700+,250+,0,"ZERO_CROSS_BOARD_POLLUTION"
"note-1790788029101-495a48","board-specific","subj-polity",700+,250+,0,"ZERO_CROSS_BOARD_POLLUTION"
"note-1790788029103-db2699","board-specific","subj-polity",700+,250+,0,"ZERO_CROSS_BOARD_POLLUTION"
"note-1790788029103-045f2b","board-specific","subj-math",700+,250+,0,"ZERO_CROSS_BOARD_POLLUTION"
"note-1790788029104-7102a6","board-specific","subj-tamil",700+,250+,0,"ZERO_CROSS_BOARD_POLLUTION"
"note-1790788029107-0c918f","board-specific","subj-polity",700+,250+,0,"ZERO_CROSS_BOARD_POLLUTION"
"note-1790798381474-f03c67","board-specific","subj-polity",700+,250+,0,"ZERO_CROSS_BOARD_POLLUTION"
"note-1790798381484-70667a","board-specific","subj-polity",700+,250+,0,"ZERO_CROSS_BOARD_POLLUTION"
"note-1790798381485-e772b8","board-specific","subj-polity",700+,250+,0,"ZERO_CROSS_BOARD_POLLUTION"
"note-1790798381485-983d90","board-specific","subj-math",700+,250+,0,"ZERO_CROSS_BOARD_POLLUTION"
"note-1790798381485-900eba","board-specific","subj-tamil",700+,250+,0,"ZERO_CROSS_BOARD_POLLUTION"
"note-1790798381487-64007f","board-specific","subj-polity",700+,250+,0,"ZERO_CROSS_BOARD_POLLUTION"
"note-1790799401329-f0eb4e","board-specific","subj-polity",700+,250+,0,"ZERO_CROSS_BOARD_POLLUTION"
"note-1790799401341-9a2940","board-specific","subj-polity",700+,250+,0,"ZERO_CROSS_BOARD_POLLUTION"
"note-1790799401342-aeb0b3","board-specific","subj-polity",700+,250+,0,"ZERO_CROSS_BOARD_POLLUTION"
"note-1790799401342-f8aadd","board-specific","subj-math",700+,250+,0,"ZERO_CROSS_BOARD_POLLUTION"
"note-1790799401342-0efe75","board-specific","subj-tamil",700+,250+,0,"ZERO_CROSS_BOARD_POLLUTION"
"note-1790799401344-8e4566","board-specific","subj-polity",700+,250+,0,"ZERO_CROSS_BOARD_POLLUTION"
"note-1790807067985-7ea146","board-specific","subj-polity",700+,250+,0,"ZERO_CROSS_BOARD_POLLUTION"
"note-1790807067990-f8cd9f","board-specific","subj-polity",700+,250+,0,"ZERO_CROSS_BOARD_POLLUTION"
"note-1790807067992-a85ae1","board-specific","subj-polity",700+,250+,0,"ZERO_CROSS_BOARD_POLLUTION"
"note-1790807067992-09d140","board-specific","subj-math",700+,250+,0,"ZERO_CROSS_BOARD_POLLUTION"
"note-1790807067993-e59585","board-specific","subj-tamil",700+,250+,0,"ZERO_CROSS_BOARD_POLLUTION"
"note-1790807067996-1b9550","board-specific","subj-polity",700+,250+,0,"ZERO_CROSS_BOARD_POLLUTION"
"note-1790842163907-09f6ed","board-specific","subj-polity",700+,250+,0,"ZERO_CROSS_BOARD_POLLUTION"
"note-1790842163911-bfddb9","board-specific","subj-polity",700+,250+,0,"ZERO_CROSS_BOARD_POLLUTION"
"note-1790842163912-fddcf0","board-specific","subj-polity",700+,250+,0,"ZERO_CROSS_BOARD_POLLUTION"
"note-1790842163913-068ab6","board-specific","subj-math",700+,250+,0,"ZERO_CROSS_BOARD_POLLUTION"
"note-1790842163913-b32b83","board-specific","subj-tamil",700+,250+,0,"ZERO_CROSS_BOARD_POLLUTION"
"note-1790842163915-002c13","board-specific","subj-polity",700+,250+,0,"ZERO_CROSS_BOARD_POLLUTION"
"note-1790857923891-a8f9e8","board-specific","subj-polity",700+,250+,0,"ZERO_CROSS_BOARD_POLLUTION"
"note-1790857923900-aa4ebf","board-specific","subj-polity",700+,250+,0,"ZERO_CROSS_BOARD_POLLUTION"
"note-1790857923901-0858fd","board-specific","subj-polity",700+,250+,0,"ZERO_CROSS_BOARD_POLLUTION"
"note-1790857923901-40b0cc","board-specific","subj-math",700+,250+,0,"ZERO_CROSS_BOARD_POLLUTION"
"note-1790857923901-c154b9","board-specific","subj-tamil",700+,250+,0,"ZERO_CROSS_BOARD_POLLUTION"
"note-1790857923903-b0a726","board-specific","subj-polity",700+,250+,0,"ZERO_CROSS_BOARD_POLLUTION"
"note-cbse-c10-all-subject","cbse-board","subj-math",700+,250+,0,"ZERO_CROSS_BOARD_POLLUTION"
"note-cbse-c12-science-all","cbse-board","subj-physics",700+,250+,0,"ZERO_CROSS_BOARD_POLLUTION"
"note-cbse-c12-commerce-all","cbse-board","subj-accountancy",700+,250+,0,"ZERO_CROSS_BOARD_POLLUTION"
"note-cbse-c12-humanities-all","cbse-board","subj-history",700+,250+,0,"ZERO_CROSS_BOARD_POLLUTION"
"note-pseb-c10-all-subject","pseb-punjab","pseb-punjabi-10",700+,250+,0,"ZERO_CROSS_BOARD_POLLUTION"
"note-pseb-c12-science-all","pseb-punjab","pseb-physics-12",700+,250+,0,"ZERO_CROSS_BOARD_POLLUTION"
"note-pseb-c12-commerce-all","pseb-punjab","pseb-business-12",700+,250+,0,"ZERO_CROSS_BOARD_POLLUTION"
"note-pseb-c12-humanities-all","pseb-punjab","pseb-history-12",700+,250+,0,"ZERO_CROSS_BOARD_POLLUTION"
"note-pseb-c12-agriculture-all","pseb-punjab","pseb-agri-12",700+,250+,0,"ZERO_CROSS_BOARD_POLLUTION"
"note-bseb-c10-all-subject","bseb-bihar","bseb-hindi-10",700+,250+,0,"ZERO_CROSS_BOARD_POLLUTION"
"note-bseb-c12-science-all","bseb-bihar","bseb-physics-12",700+,250+,0,"ZERO_CROSS_BOARD_POLLUTION"
"note-bseb-c12-commerce-all","bseb-bihar","bseb-accountancy-12",700+,250+,0,"ZERO_CROSS_BOARD_POLLUTION"
"note-bseb-c12-humanities-all","bseb-bihar","bseb-history-12",700+,250+,0,"ZERO_CROSS_BOARD_POLLUTION"
"note-bseb-c12-agriculture-all","bseb-bihar","bseb-agri-12",700+,250+,0,"ZERO_CROSS_BOARD_POLLUTION"
"note-ubse-c10-all-subject","ubse-uttarakhand","ubse-hindi-10",700+,250+,0,"ZERO_CROSS_BOARD_POLLUTION"
"note-ubse-c12-science-all","ubse-uttarakhand","ubse-physics-12",700+,250+,0,"ZERO_CROSS_BOARD_POLLUTION"
"note-ubse-c12-commerce-all","ubse-uttarakhand","ubse-accountancy-12",700+,250+,0,"ZERO_CROSS_BOARD_POLLUTION"
"note-ubse-c12-humanities-all","ubse-uttarakhand","ubse-history-12",700+,250+,0,"ZERO_CROSS_BOARD_POLLUTION"
"note-ubse-c12-agriculture-all","ubse-uttarakhand","ubse-agri-12",700+,250+,0,"ZERO_CROSS_BOARD_POLLUTION"
"note-upmsp-c10-all-subject","upmsp-uttar-pradesh","upmsp-hindi-10",700+,250+,0,"ZERO_CROSS_BOARD_POLLUTION"
"note-upmsp-c12-science-all","upmsp-uttar-pradesh","upmsp-physics-12",700+,250+,0,"ZERO_CROSS_BOARD_POLLUTION"
"note-upmsp-c12-commerce-all","upmsp-uttar-pradesh","upmsp-accountancy-12",700+,250+,0,"ZERO_CROSS_BOARD_POLLUTION"
"note-upmsp-c12-humanities-all","upmsp-uttar-pradesh","upmsp-history-12",700+,250+,0,"ZERO_CROSS_BOARD_POLLUTION"
"note-upmsp-c12-agriculture-all","upmsp-uttar-pradesh","upmsp-agri-12",700+,250+,0,"ZERO_CROSS_BOARD_POLLUTION"
"note-mpbse-c10-all-subject","mpbse-madhya-pradesh","mpbse-hindi-spl-10",700+,250+,0,"ZERO_CROSS_BOARD_POLLUTION"
"note-mpbse-c12-science-all","mpbse-madhya-pradesh","mpbse-physics-12",700+,250+,0,"ZERO_CROSS_BOARD_POLLUTION"
"note-mpbse-c12-commerce-all","mpbse-madhya-pradesh","mpbse-accountancy-12",700+,250+,0,"ZERO_CROSS_BOARD_POLLUTION"
"note-mpbse-c12-humanities-all","mpbse-madhya-pradesh","mpbse-history-12",700+,250+,0,"ZERO_CROSS_BOARD_POLLUTION"
"note-mpbse-c12-agriculture-all","mpbse-madhya-pradesh","mpbse-agri-12",700+,250+,0,"ZERO_CROSS_BOARD_POLLUTION"
"note-nios-secondary-all","nios-board","nios-hindi-201",700+,250+,0,"ZERO_CROSS_BOARD_POLLUTION"
"note-nios-srsec-science-all","nios-board","nios-physics-312",700+,250+,0,"ZERO_CROSS_BOARD_POLLUTION"
"note-nios-srsec-commerce-all","nios-board","nios-accountancy-320",700+,250+,0,"ZERO_CROSS_BOARD_POLLUTION"
"note-nios-srsec-humanities-all","nios-board","nios-history-315",700+,250+,0,"ZERO_CROSS_BOARD_POLLUTION"
"note-rbse-c10-all-subject","rbse-rajasthan","rbse-hindi-10",700+,250+,0,"ZERO_CROSS_BOARD_POLLUTION"
"note-rbse-c12-science-all","rbse-rajasthan","rbse-physics-12",700+,250+,0,"ZERO_CROSS_BOARD_POLLUTION"
"note-rbse-c12-commerce-all","rbse-rajasthan","rbse-accountancy-12",700+,250+,0,"ZERO_CROSS_BOARD_POLLUTION"
"note-rbse-c12-humanities-all","rbse-rajasthan","rbse-history-12",700+,250+,0,"ZERO_CROSS_BOARD_POLLUTION"
"note-rbse-c12-agriculture-all","rbse-rajasthan","rbse-agriculture-12",700+,250+,0,"ZERO_CROSS_BOARD_POLLUTION"
"note-msbshse-c10-all-subject","msbshse-maharashtra","msbshse-marathi-10",700+,250+,0,"ZERO_CROSS_BOARD_POLLUTION"
"note-msbshse-c12-science-all","msbshse-maharashtra","msbshse-physics-12",700+,250+,0,"ZERO_CROSS_BOARD_POLLUTION"
"note-msbshse-c12-commerce-all","msbshse-maharashtra","msbshse-bk-accounts-12",700+,250+,0,"ZERO_CROSS_BOARD_POLLUTION"
"note-msbshse-c12-humanities-all","msbshse-maharashtra","msbshse-history-12",700+,250+,0,"ZERO_CROSS_BOARD_POLLUTION"
"note-msbshse-c12-vocational-all","msbshse-maharashtra","msbshse-vocational-12",700+,250+,0,"ZERO_CROSS_BOARD_POLLUTION"
"note-gseb-c10-all-subject","gseb-gujarat","gseb-gujarati-fl-10",700+,250+,0,"ZERO_CROSS_BOARD_POLLUTION"
"note-gseb-c12-science-all","gseb-gujarat","gseb-physics-12",700+,250+,0,"ZERO_CROSS_BOARD_POLLUTION"
"note-gseb-c12-commerce-all","gseb-gujarat","gseb-elements-accounts-12",700+,250+,0,"ZERO_CROSS_BOARD_POLLUTION"
"note-gseb-c12-arts-all","gseb-gujarat","gseb-history-12",700+,250+,0,"ZERO_CROSS_BOARD_POLLUTION"
"note-gseb-c12-vocational-all","gseb-gujarat","gseb-vocational-12",700+,250+,0,"ZERO_CROSS_BOARD_POLLUTION"
