Board ID,Stage,Eligible Questions,Full Exam Engine Gate,Cross Board Substitution Blocked,Status
"cbse-board","Class 10",2050,"Active & Blueprint Governed","STRICTLY_BLOCKED","SECURE"
"cbse-board","Class 12",3075,"Active & Blueprint Governed","STRICTLY_BLOCKED","SECURE"
"pseb-punjab","Class 10",2191,"Active & Blueprint Governed","STRICTLY_BLOCKED","SECURE"
"pseb-punjab","Class 12",4163,"Active & Blueprint Governed","STRICTLY_BLOCKED","SECURE"
"bseb-bihar","Class 10",2050,"Active & Blueprint Governed","STRICTLY_BLOCKED","SECURE"
"bseb-bihar","Class 12",4100,"Active & Blueprint Governed","STRICTLY_BLOCKED","SECURE"
"ubse-uttarakhand","Class 10",2050,"Active & Blueprint Governed","STRICTLY_BLOCKED","SECURE"
"ubse-uttarakhand","Class 12",4305,"Active & Blueprint Governed","STRICTLY_BLOCKED","SECURE"
"upmsp-uttar-pradesh","Class 10",2050,"Active & Blueprint Governed","STRICTLY_BLOCKED","SECURE"
"upmsp-uttar-pradesh","Class 12",4305,"Active & Blueprint Governed","STRICTLY_BLOCKED","SECURE"
"mpbse-madhya-pradesh","Class 10",2050,"Active & Blueprint Governed","STRICTLY_BLOCKED","SECURE"
"mpbse-madhya-pradesh","Class 12",4305,"Active & Blueprint Governed","STRICTLY_BLOCKED","SECURE"
"nios-board","Class 10",2050,"Active & Blueprint Governed","STRICTLY_BLOCKED","SECURE"
"nios-board","Class 12",4305,"Active & Blueprint Governed","STRICTLY_BLOCKED","SECURE"
"rbse-rajasthan","Class 10",2050,"Active & Blueprint Governed","STRICTLY_BLOCKED","SECURE"
"rbse-rajasthan","Class 12",4305,"Active & Blueprint Governed","STRICTLY_BLOCKED","SECURE"
"msbshse-maharashtra","Class 10",2050,"Active & Blueprint Governed","STRICTLY_BLOCKED","SECURE"
"msbshse-maharashtra","Class 12",4305,"Active & Blueprint Governed","STRICTLY_BLOCKED","SECURE"
"gseb-gujarat","Class 10",2050,"Active & Blueprint Governed","STRICTLY_BLOCKED","SECURE"
"gseb-gujarat","Class 12",4305,"Active & Blueprint Governed","STRICTLY_BLOCKED","SECURE"
