mock_type,subject_id,question_count,studied_reuse_pct,fresh_verified_pct,time_limit_mins
Learning Mock,sk-c10-nepali,30,80,20,45
Practice Mock,sk-c10-nepali,50,40,60,90
Learning Mock,sk-c10-english,30,80,20,45
Practice Mock,sk-c10-english,50,40,60,90
Learning Mock,sk-c10-hindi,30,80,20,45
Practice Mock,sk-c10-hindi,50,40,60,90
Learning Mock,sk-c10-bengali,30,80,20,45
Practice Mock,sk-c10-bengali,50,40,60,90
Learning Mock,sk-c10-mathematics,30,80,20,45
Practice Mock,sk-c10-mathematics,50,40,60,90
Learning Mock,sk-c10-science,30,80,20,45
Practice Mock,sk-c10-science,50,40,60,90
Learning Mock,sk-c10-social-science,30,80,20,45
Practice Mock,sk-c10-social-science,50,40,60,90
Learning Mock,sk-c10-business-studies,30,80,20,45
Practice Mock,sk-c10-business-studies,50,40,60,90
Learning Mock,sk-c10-economics,30,80,20,45
Practice Mock,sk-c10-economics,50,40,60,90
Learning Mock,sk-c10-ict,30,80,20,45
Practice Mock,sk-c10-ict,50,40,60,90
Learning Mock,sk-c12-physics,30,80,20,45
Practice Mock,sk-c12-physics,50,40,60,90
Learning Mock,sk-c12-chemistry,30,80,20,45
Practice Mock,sk-c12-chemistry,50,40,60,90
Learning Mock,sk-c12-biology,30,80,20,45
Practice Mock,sk-c12-biology,50,40,60,90
Learning Mock,sk-c12-mathematics,30,80,20,45
Practice Mock,sk-c12-mathematics,50,40,60,90
Learning Mock,sk-c12-accountancy,30,80,20,45
Practice Mock,sk-c12-accountancy,50,40,60,90
Learning Mock,sk-c12-business-studies,30,80,20,45
Practice Mock,sk-c12-business-studies,50,40,60,90
Learning Mock,sk-c12-economics,30,80,20,45
Practice Mock,sk-c12-economics,50,40,60,90
Learning Mock,sk-c12-political-science,30,80,20,45
Practice Mock,sk-c12-political-science,50,40,60,90
Learning Mock,sk-c12-history,30,80,20,45
Practice Mock,sk-c12-history,50,40,60,90
Learning Mock,sk-c12-geography,30,80,20,45
Practice Mock,sk-c12-geography,50,40,60,90
Learning Mock,sk-c12-sociology,30,80,20,45
Practice Mock,sk-c12-sociology,50,40,60,90
Learning Mock,sk-c12-psychology,30,80,20,45
Practice Mock,sk-c12-psychology,50,40,60,90
Learning Mock,sk-c12-family-studies,30,80,20,45
Practice Mock,sk-c12-family-studies,50,40,60,90
Learning Mock,sk-c12-law-governance,30,80,20,45
Practice Mock,sk-c12-law-governance,50,40,60,90
Learning Mock,sk-c12-nepali,30,80,20,45
Practice Mock,sk-c12-nepali,50,40,60,90
Learning Mock,sk-c12-english,30,80,20,45
Practice Mock,sk-c12-english,50,40,60,90
Learning Mock,sk-c12-hindi,30,80,20,45
Practice Mock,sk-c12-hindi,50,40,60,90
Learning Mock,sk-c12-cs-digital,30,80,20,45
Practice Mock,sk-c12-cs-digital,50,40,60,90
Learning Mock,sk-c12-media-comm,30,80,20,45
Practice Mock,sk-c12-media-comm,50,40,60,90
Learning Mock,sk-c12-tourism,30,80,20,45
Practice Mock,sk-c12-tourism,50,40,60,90
Learning Mock,sk-c12-entrepreneurship,30,80,20,45
Practice Mock,sk-c12-entrepreneurship,50,40,60,90
