Class 12 Subject,MCQ Count,Subjective Count,Total Count,Official Requirement
"upmsp-accountancy-12",205,75,280,"Intermediate Board Syllabus 2026-27"
"upmsp-agri-12",205,75,280,"Intermediate Board Syllabus 2026-27"
"upmsp-biology-12",205,75,280,"Intermediate Board Syllabus 2026-27"
"upmsp-bst-12",205,75,280,"Intermediate Board Syllabus 2026-27"
"upmsp-chemistry-12",205,75,280,"Intermediate Board Syllabus 2026-27"
"upmsp-civics-12",205,75,280,"Intermediate Board Syllabus 2026-27"
"upmsp-cs-12",205,75,280,"Intermediate Board Syllabus 2026-27"
"upmsp-economics-12",205,75,280,"Intermediate Board Syllabus 2026-27"
"upmsp-economics-hum-12",205,75,280,"Intermediate Board Syllabus 2026-27"
"upmsp-english-12",205,75,280,"Intermediate Board Syllabus 2026-27"
"upmsp-english-com-12",205,75,280,"Intermediate Board Syllabus 2026-27"
"upmsp-genhindi-12",205,75,280,"Intermediate Board Syllabus 2026-27"
"upmsp-genhindi-com-12",205,75,280,"Intermediate Board Syllabus 2026-27"
"upmsp-geography-12",205,75,280,"Intermediate Board Syllabus 2026-27"
"upmsp-history-12",205,75,280,"Intermediate Board Syllabus 2026-27"
"upmsp-math-12",205,75,280,"Intermediate Board Syllabus 2026-27"
"upmsp-math-com-12",205,75,280,"Intermediate Board Syllabus 2026-27"
"upmsp-physics-12",205,75,280,"Intermediate Board Syllabus 2026-27"
"upmsp-psychology-12",205,75,280,"Intermediate Board Syllabus 2026-27"
"upmsp-sanskrit-12",205,75,280,"Intermediate Board Syllabus 2026-27"
"upmsp-sociology-12",205,75,280,"Intermediate Board Syllabus 2026-27"
