Database_Metric,Pre_GPD_Count,Post_GPD_Count,Net_Addition,Integrity_Status
Total Questions in Database,273320,274520,"+1,200",VERIFIED
31 State/Central School Boards,261520,261520,0 (100% Preserved),VERIFIED
Non-Board Exam #1 (SSC CGL),2800,2800,0 (100% Preserved),VERIFIED
Non-Board Exam #2 (SSC CHSL),2700,2700,0 (100% Preserved),VERIFIED
Non-Board Exam #3 (SSC MTS & Havaldar),1200,1200,0 (100% Preserved),VERIFIED
Non-Board Exam #4 (SSC GD Constable),1500,1500,0 (100% Preserved),VERIFIED
Non-Board Exam #5 (RRB NTPC),1800,1800,0 (100% Preserved),VERIFIED
Non-Board Exam #6 (RRB ALP),1800,1800,0 (100% Preserved),VERIFIED
Non-Board Exam #7 (RRB Group D),0,1200,"+1,200",CANONICAL
RRB Group D Master Bundled Notes,0,5,+5,ACTIVE
