Metric,Grade I Signal (Level 5),Grade III (Level 2)
Exam Mode,Computer Based Test (CBT Online),Computer Based Test (CBT Online)
Exam Duration,90 Minutes (120 Minutes for PwBD),90 Minutes (120 Minutes for PwBD)
Total Real Exam Questions,100 MCQs,100 MCQs
Total Real Exam Marks,100 Marks,100 Marks
Negative Marking,1/3rd (0.333) Mark per wrong answer,1/3rd (0.333) Mark per wrong answer
Normalization,Percentile score based normalization,Percentile score based normalization
Document Verification Ratio,1:1 ratio based on CBT merit,1:1 ratio based on CBT merit
Medical Fitness Standard,A-3 / B-1 Standards,A-3 / B-1 / B-2 Standards
Total Bank Questions Ingested,"1,500 Questions across 5 Subjects",300 Questions across General Science
